model,batch_size,domain,epochs,equation,lookback,lr,params,resolution,test_loss-1,test_loss-2,test_loss-3,test_loss-4,test_loss-5,test_loss-6,test_loss-7,test_loss-8,test_loss-9,test_loss-10,test_loss-11,test_loss-12,test_loss-13,test_loss-14,test_loss-15,test_loss-16,test_loss_l1,test_loss_rmse,test_time,train_step_ms_mean,train_step_ms_std,TestRollout,TrainRollout,version,wd
cnn,128,grid,10,advection,4,0.001,2372097,low,3.6095943869440816e-06,4.81974757349235e-06,7.838108103896957e-06,1.0873613973672036e-05,1.5007841284386814e-05,1.890221028588712e-05,2.3609292838955295e-05,2.861591019609477e-05,3.403393566259183e-05,3.991643825429492e-05,4.603189881891012e-05,5.277642048895359e-05,5.956011955277063e-05,6.726988067384809e-05,7.484667730750516e-05,8.369794522877783e-05,0.0069312527775764,0.0089471312239766,48.87957763671875,11.876595068733806,0.5090281478363878,16,1,0:1,1e-06
cnn,64,grid,10,wave,4,0.001,2383618,high,0.0008749035187065,0.004658562131226,0.0107577359303832,0.0174609571695327,0.0232680849730968,0.0284894704818725,0.0338196046650409,0.0391013510525226,0.0440228246152401,0.0485700815916061,0.0526325590908527,0.0562765002250671,0.0596761293709278,0.0634935200214386,0.0678014680743217,0.0720664411783218,0.1971989125013351,0.2676801085472107,109.60191345214844,33.75292923281466,0.1991513079897202,16,1,0:1,1e-06
cnn,128,grid,10,reactiondiffusion,4,0.001,2383618,low,0.0002487824531272,0.002526877913624,0.0104555888101458,0.0262207668274641,0.0470080710947513,0.0667520686984062,0.0818533077836036,0.0934703573584556,0.1045653223991394,0.1167958676815033,0.1301998943090438,0.14438296854496,0.1590013355016708,0.1734675765037536,0.1871947348117828,0.1999103426933288,0.3073703348636627,0.4404396116733551,48.91703414916992,11.962887506239626,0.45156666344583496,16,1,0:1,1e-06
cnn,64,grid,10,gasdynamics,4,0.001,2406660,high,0.0025446929503232,0.0091351540759205,0.0182628985494375,0.0287969224154949,0.0400935374200344,0.0515916645526886,0.0629281476140022,0.0740789696574211,0.0853116512298584,0.0969438925385475,0.1091901287436485,0.1221966221928596,0.1362555623054504,0.151618480682373,0.1683187931776046,0.186245322227478,0.3150101006031036,0.4283197522163391,96.91879272460938,29.934441502397423,0.1558527221098124,16,1,0:1,1e-06
cnn,8,grid,10,reactiondiffusion,4,0.001,2383618,full,7.133660255931318e-05,0.0006491489475592,0.0028938641771674,0.007984765805304,0.0156149137765169,0.0236145630478858,0.0297623742371797,0.0336286835372448,0.0360273867845535,0.037702776491642,0.0389418713748455,0.0398782528936862,0.0406216494739055,0.0412656217813491,0.0422166027128696,0.0437308773398399,0.1384404897689819,0.1890013366937637,90.69770050048828,25.691098976135255,0.11214839284870978,16,1,0:1,1e-06
cnn,128,grid,10,advection,4,0.001,2372097,medium,2.7596502150117885e-06,4.602287390298443e-06,7.450377324857982e-06,1.1577824807318391e-05,1.607343256182503e-05,2.1125686544110067e-05,2.7073145247413777e-05,3.35305230692029e-05,4.047872789669782e-05,4.810367681784555e-05,5.638096263282932e-05,6.507635407615453e-05,7.435281440848485e-05,8.441269892500713e-05,9.478613355895504e-05,0.0001057401605066,0.0076937656849622,0.0101480735465884,165.94483947753906,81.28887124155082,225.34240867103452,16,1,0:1,1e-06
cnn,64,grid,10,kuramotosivashinsky,4,0.001,2372097,high,0.0002346490655327,0.0015247594565153,0.0045084469020366,0.0095086656510829,0.0167655050754547,0.0267385728657245,0.0404240824282169,0.059530634433031,0.086200512945652,0.1222663223743438,0.168764129281044,0.2261498123407364,0.2948530316352844,0.3753956854343414,0.4677621126174927,0.5709202289581299,0.5325860977172852,0.754766583442688,96.75980377197266,29.854099919027494,0.17681001183545905,16,1,0:1,1e-06
cnn,128,grid,10,burgers,4,0.001,2383618,low,0.0005017487565055,0.001277373288758,0.0024542948231101,0.0041093495674431,0.0062275705859065,0.0088163446635007,0.0119075467810034,0.0154848266392946,0.0195481274276971,0.0240820236504077,0.029122507199645,0.0346956364810466,0.0407772324979305,0.0473702885210514,0.05444947630167,0.0620082318782806,0.1458718329668045,0.2419151067733764,48.96842956542969,12.04328162274217,0.7998946295510198,16,1,0:1,1e-06
cnn,8,grid,10,burgers,4,0.001,2383618,full,0.0001508472632849,0.0002761436626315,0.0005781819927506,0.0011374114546924,0.0020388662815093,0.0033766978885978,0.0052527417428791,0.0077747493050992,0.0110546601936221,0.015207277610898,0.0203516408801078,0.0266108177602291,0.0341129191219806,0.0429883450269699,0.0533704832196235,0.0653951317071914,0.1755315363407135,0.2473126947879791,90.30266571044922,25.63290637969971,0.0437988335128003,16,1,0:1,1e-06
cnn,8,grid,10,advection,4,0.001,2372097,full,2.461544227116974e-06,7.41444637242239e-06,1.563732985232491e-05,2.646052234922536e-05,4.013639045297168e-05,5.650584716931917e-05,7.560064841527492e-05,9.734396007843316e-05,0.0001217316748807,0.0001487131812609,0.0001782819163054,0.000210381753277,0.0002450110623613,0.0002821527887135,0.0003217821940779,0.0003637952613644,0.0137400804087519,0.0187864042818546,89.92621612548828,25.572820472717286,0.5374857617955414,16,1,0:1,1e-06
cnn,128,grid,10,kuramotosivashinsky,4,0.001,2372097,medium,0.0004531892191153,0.0027071710210293,0.0076883281581103,0.0163463838398456,0.0300528518855571,0.0508118383586406,0.0812743306159973,0.1240806579589843,0.180705726146698,0.2511798143386841,0.3349508941173553,0.4315963685512543,0.5402523875236511,0.658615231513977,0.7831145524978638,0.9098729491233826,0.7057814002037048,0.9535806179046632,166.24203491210938,55.42709328146542,38.82980466032108,16,1,0:1,1e-06
cnn,128,grid,10,kuramotosivashinsky,4,0.001,2372097,low,0.0023773233406245,0.017806289717555,0.0555501691997051,0.1211972013115882,0.2183479964733123,0.3448729217052459,0.4915452897548675,0.6470521092414856,0.8026975393295288,0.9526554942131042,1.0921549797058103,1.217200517654419,1.3252166509628296,1.415635347366333,1.4896665811538696,1.5492749214172363,0.990323841571808,1.244641900062561,51.4228401184082,12.814507157056594,2.292201723228147,16,1,0:1,1e-06
cnn,64,grid,10,advection,4,0.001,2372097,high,1.6261203654721612e-06,3.320114728921908e-06,6.02002637606347e-06,9.35684238356771e-06,1.3197951375332195e-05,1.7676338757155463e-05,2.274312828376424e-05,2.8424550691852343e-05,3.4719523682724684e-05,4.160557728027925e-05,4.9053269322030246e-05,5.703389615518972e-05,6.55419280519709e-05,7.459029438905418e-05,8.41980945551768e-05,9.442616283195092e-05,0.0073079648427665,0.0095606846734881,96.5777359008789,29.847327023111397,0.15927394493399816,16,1,0:1,1e-06
cnn,64,grid,10,burgers,4,0.001,2383618,high,0.0001624369615456,0.0003413259983062,0.0006462571327574,0.0011096195084974,0.0017508709570392,0.0025974134914577,0.0036672127898782,0.0049938037991523,0.0066011319868266,0.0085159968584775,0.0107721267268061,0.0133864665403962,0.0163886360824108,0.0198073983192443,0.0236586034297943,0.0279580205678939,0.1034807190299034,0.1579829454421997,95.7490005493164,29.8356441344506,0.15536221693761681,16,1,0:1,1e-06
cnn,8,grid,10,wave,4,0.001,2383618,full,0.0014190608635544,0.0082789519801735,0.0214147455990314,0.0365572050213813,0.0491287447512149,0.0584095120429992,0.0664188638329505,0.074275866150856,0.0836948975920677,0.0947132334113121,0.1060320362448692,0.1177167743444442,0.1305288821458816,0.1441566795110702,0.1585604548454284,0.1750022768974304,0.3196247816085815,0.414179652929306,91.2985610961914,25.687146301269532,0.09162513960249839,16,1,0:1,1e-06
cnn,128,grid,10,wave,4,0.001,2383618,medium,0.0005230715614743,0.0029878087807446,0.0083542903885245,0.0169245861470699,0.0256943982094526,0.0306526515632867,0.0320122614502906,0.03196557238698,0.032289057970047,0.0336718820035457,0.0359136499464511,0.0384068749845027,0.0408274158835411,0.0432010740041732,0.0455944575369358,0.0481333583593368,0.1601056456565857,0.2173328697681427,165.65097045898438,81.48022842407227,225.18191318448595,16,1,0:1,1e-06
cnn,128,grid,10,reactiondiffusion,4,0.001,2383618,medium,0.0002105653984472,0.0019792679231613,0.0076558701694011,0.0181008391082286,0.0310787931084632,0.0428701378405094,0.0513603724539279,0.0571992546319961,0.0620290599763393,0.0666888654232025,0.0710859596729278,0.074923425912857,0.0781758353114128,0.0809350758790969,0.0837669149041175,0.0875464528799057,0.1920903176069259,0.2900708615779876,166.37680053710938,81.69733391556085,226.83059053717577,16,1,0:1,1e-06
cnn,128,grid,10,gasdynamics,4,0.001,2406660,medium,0.0034376780968159,0.0119466986507177,0.0232143849134445,0.035261895507574,0.0474948398768901,0.0599087513983249,0.0727066323161125,0.0860682725906372,0.1001151800155639,0.1148747652769088,0.1302704066038131,0.1462551206350326,0.1630247980356216,0.1807543635368347,0.1994737684726715,0.2190238684415817,0.3354148268699646,0.4628365039825439,169.54580688476562,61.80101215138155,83.97088166857316,16,1,0:1,1e-06
cnn,128,grid,10,burgers,4,0.001,2383618,medium,0.0002454743371345,0.0005771703436039,0.0011476044310256,0.002040528692305,0.003315428039059,0.0050425166264176,0.0072692246176302,0.0100524770095944,0.0134285315871238,0.0174640696495771,0.0221440009772777,0.0275200810283422,0.0336218513548374,0.0404455922544002,0.0480366647243499,0.0563773140311241,0.150844320654869,0.2325791269540786,167.94338989257812,55.43696489521101,39.80040529480766,16,1,0:1,1e-06
cnn,8,grid,10,kuramotosivashinsky,4,0.001,2372097,full,0.0002066677261609,0.0014095031656324,0.0043672048486769,0.0096619632095098,0.0178498309105634,0.0296526718884706,0.0462286807596683,0.0693431571125984,0.1011338829994201,0.1435363888740539,0.1977833360433578,0.2644189000129699,0.3437305986881256,0.4359104037284851,0.5405631065368652,0.6563698053359985,0.5733237862586975,0.8033829927444458,91.36961364746094,25.891756896972655,0.4194528653283821,16,1,0:1,1e-06
cnn,8,grid,10,gasdynamics,4,0.001,2406660,full,0.0032481893431395,0.0132474275305867,0.027966946363449,0.0450275316834449,0.0636269226670265,0.083394818007946,0.1040471419692039,0.1253930032253265,0.1474539339542389,0.1702739000320434,0.1940905898809433,0.2192059755325317,0.2458666115999221,0.2742849588394165,0.3043437302112579,0.3357182145118713,0.4129036366939544,0.5746082067489624,91.08047485351562,25.782550392150878,0.07840080398436435,16,1,0:1,1e-06
cnn,64,grid,10,reactiondiffusion,4,0.001,2383618,high,0.0001298395654885,0.0012358761159703,0.0049284528940916,0.01208530459553,0.0214748848229646,0.0304867457598447,0.0372265502810478,0.0415900163352489,0.0443701744079589,0.0461684241890907,0.0473828501999378,0.0484833940863609,0.0499203279614448,0.0519346557557582,0.0546912997961044,0.0580229274928569,0.1605274975299835,0.2285878956317901,109.9558563232422,33.73815161919595,0.18464895449588742,16,1,0:1,1e-06
cnn,128,grid,10,wave,4,0.001,2383618,low,0.0003284833219368,0.0014266978250816,0.0032061096280813,0.0053219096735119,0.0072211557999253,0.0085081914439797,0.0093413088470697,0.0101498560979962,0.0112291648983955,0.0125468857586383,0.0138746434822678,0.0150339128449559,0.0160508546978235,0.0170321520417928,0.0180354062467813,0.0191087517887353,0.1035241484642028,0.1378545761108398,48.93604278564453,11.992181069210265,0.8865360384890776,16,1,0:1,1e-06
cnn,128,grid,10,gasdynamics,4,0.001,2406660,low,0.0041832840070128,0.0086380206048488,0.0145800951868295,0.0207766611129045,0.0272566378116607,0.0341572500765323,0.0412997715175151,0.0488546416163444,0.0567492209374904,0.0647806376218795,0.0731745064258575,0.081824205815792,0.0908137485384941,0.1002708598971366,0.1097697764635086,0.1195633932948112,0.242580384016037,0.339638203382492,52.11383438110352,13.05249680314763,0.4051822341281324,16,1,0:1,1e-06
feast,8,grid,3,reactiondiffusion,4,0.001,2023696,full,0.0002333348238607,0.0021941079758107,0.008818270638585,0.0214743874967098,0.0363606214523315,0.047679167240858,0.0547108128666877,0.0603730641305446,0.0656162425875663,0.0695518776774406,0.0718170925974845,0.0740257278084755,0.0796993821859359,0.0901782140135765,0.1015841588377952,0.1095129922032356,0.2290893048048019,0.3078330755233764,3036.2099609375,686.9411370928028,96.87158694598308,16,1,0:1,1e-06
feast,16,cloud,10,kuramotosivashinsky,4,0.001,2010835,high,0.0038634962402284,0.0330312326550483,0.1068984717130661,0.2287944257259369,0.3942503035068512,0.5914347767829895,0.7992911338806152,0.99411940574646,1.159325361251831,1.2896851301193235,1.3885364532470703,1.4625791311264038,1.5185920000076294,1.5621076822280884,1.5971550941467283,1.62639582157135,1.0232630968093872,1.274489164352417,1566.59423828125,422.2652166702105,10.563082210930384,16,1,0:1,1e-06
feast,16,grid,10,burgers,4,0.001,2023696,high,0.0006753632333129,0.0017708562081679,0.0035688923671841,0.0062264050357043,0.0098282992839813,0.0144807668402791,0.0202803313732147,0.0273108202964067,0.0356838591396808,0.045499388128519,0.0568887516856193,0.0699660256505012,0.0848403126001358,0.1016224101185798,0.1203989088535308,0.1412765830755233,0.2416492104530334,0.3534296751022339,1921.1107177734373,326.97844379966,4.416073361657747,16,1,10:2,1e-06
feast,128,grid,10,gasdynamics,4,0.001,2049418,low,0.0359497666358947,0.0599305555224418,0.0874832943081855,0.1112958565354347,0.1333577185869217,0.1568211764097213,0.1778646260499954,0.2000245153903961,0.2213049232959747,0.2430574297904968,0.2652275860309601,0.2876833379268646,0.3110035359859466,0.3354548513889313,0.3605738282203674,0.3864155113697052,0.4643808901309967,0.6180127263069153,2916.625732421875,550.7437392299519,13.011888021645616,16,1,10:1,1e-06
feast,16,cloud,10,gasdynamics,4,0.001,2049418,high,0.0240568947046995,0.0510718263685703,0.0855749994516372,0.1221998706459999,0.1609623432159423,0.2011657953262329,0.2419603615999221,0.2823106646537781,0.3217603862285614,0.3604442477226257,0.3988239467144012,0.4373486042022705,0.4761446714401245,0.5151615142822266,0.5541288256645203,0.5927306413650513,0.5832369327545166,0.7670000791549683,1747.6474609375,439.7216778346559,19.579847924893137,16,1,0:1,1e-06
feast,16,grid,10,advection,4,0.001,2010835,medium,7.132814062060788e-05,0.0011368790874257,0.0062799318693578,0.0202953908592462,0.0475582778453826,0.0911580324172973,0.1538395434617996,0.2382628768682479,0.3456889390945434,0.4750492870807647,0.6235674023628235,0.7874308824539185,0.9609782099723816,1.135378122329712,1.2992216348648071,1.44142484664917,0.9426618218421936,1.1885883808135986,1059.5322265625,179.193103588045,1.1313045936171895,16,1,10:2,1e-06
feast,16,grid,10,kuramotosivashinsky,4,0.001,2010835,high,0.0022963290102779,0.019663406535983,0.0653164759278297,0.1456986218690872,0.2646428048610687,0.4211598932743072,0.6034640669822693,0.7913414239883423,0.9662375450134276,1.118101954460144,1.2448341846466064,1.3482166528701782,1.431274175643921,1.4978042840957642,1.5523523092269895,1.5992860794067385,1.0110069513320925,1.2625463008880615,1938.4088134765625,329.10378910270043,1.8321738939704852,16,1,10:2,1e-06
feast,128,grid,10,burgers,4,0.001,2023696,low,0.0019648564048111,0.0065144309774041,0.0129941161721944,0.0211175549775362,0.0312781073153018,0.0439162962138652,0.0585589744150638,0.0752601474523544,0.0940422192215919,0.1147644892334938,0.1372602730989456,0.1614266037940979,0.187149316072464,0.214347243309021,0.2428795993328094,0.2725977897644043,0.3755630552768707,0.5146629214286804,3151.93701171875,526.5622985638212,15.001246163304547,16,1,10:1,1e-06
feast,16,grid,10,gasdynamics,4,0.001,2049418,high,0.0113315284252166,0.0309482235461473,0.0600762590765953,0.0986376851797103,0.1456074714660644,0.1988024264574051,0.256039559841156,0.3156712353229522,0.3764071464538574,0.4373993277549743,0.4984074831008911,0.5593423843383789,0.6202715635299683,0.681801974773407,0.7442189455032349,0.8071332573890686,0.6819100975990295,0.8932464122772217,1958.90087890625,334.2785625070689,1.6142564825966128,16,1,10:2,1e-06
feast,128,cloud,10,burgers,4,0.001,2023696,medium,0.0023629260249435,0.0069678318686783,0.0135450214147567,0.0220207851380109,0.0325393937528133,0.04534912109375,0.0606056302785873,0.0784158259630203,0.0988746359944343,0.1220488920807838,0.1480678468942642,0.1770054847002029,0.2089682817459106,0.2439995855093002,0.2820888459682464,0.3232124149799347,0.3986944556236267,0.5501993894577026,1035.1771240234375,175.6808758544922,0.8724818769248004,16,1,0:2,1e-06
feast,16,cloud,10,burgers,4,0.001,2023696,high,0.0017980004195123,0.0052098152227699,0.0101449489593505,0.0167722254991531,0.0253111887723207,0.0358484759926795,0.0483724735677242,0.0629046633839607,0.0794444903731346,0.0979830846190452,0.1184819638729095,0.1409468948841095,0.1653389781713485,0.1916544437408447,0.2198808640241623,0.2500525414943695,0.3139913380146026,0.4689081907272339,1703.8482666015625,415.2428463253467,12.818184210770081,16,1,0:1,1e-06
feast,8,grid,3,gasdynamics,4,0.001,2049418,full,0.007609446067363,0.0243606679141521,0.0512171871960163,0.0857589542865753,0.1260910779237747,0.1696654558181762,0.2137772142887115,0.2566916346549988,0.2978532016277313,0.337606281042099,0.3768340051174164,0.4163946211338043,0.4570517241954803,0.4992829263210296,0.542553722858429,0.5858531594276428,0.5862614512443542,0.75962233543396,3404.99755859375,697.5755109295634,90.67371243831475,16,1,0:1,1e-06
feast,16,cloud,10,wave,4,0.001,2023696,high,0.0014800652861595,0.0109358569607138,0.0347246825695037,0.0686681047081947,0.1046113297343254,0.1390940248966217,0.1738664656877517,0.2119301855564117,0.2534424960613251,0.2952234745025635,0.3357019126415252,0.3761636018753052,0.4173081517219543,0.4580363631248474,0.4988843202590942,0.5423454642295837,0.5746607780456543,0.7341848611831665,1713.5316162109375,427.695664293847,10.037724984748108,16,1,0:1,1e-06
feast,16,cloud,10,reactiondiffusion,4,0.001,2023696,high,0.0003562013444025,0.0034829070791602,0.0144812613725662,0.0360928699374198,0.0630175545811653,0.0855565443634986,0.0995958745479583,0.1091528832912445,0.119719848036766,0.1327912360429763,0.1465189158916473,0.1594244390726089,0.1720920354127884,0.1851032823324203,0.1976298093795776,0.2082206010818481,0.3167312145233154,0.4356571137905121,1699.1236572265625,412.9485761165913,12.398117791554348,16,1,0:1,1e-06
feast,16,cloud,10,gasdynamics,4,0.001,2049418,medium,0.0366111733019351,0.0667122602462768,0.1032834723591804,0.1412794589996338,0.179002046585083,0.2164904028177261,0.2530755400657654,0.2880972027778625,0.3213604986667633,0.3533163368701935,0.3845993280410766,0.4158986508846283,0.4476547539234161,0.4798793494701385,0.5120643973350525,0.5436562299728394,0.5655766725540161,0.7351723909378052,1080.5953369140625,179.63328216552733,1.2077230209929688,16,1,0:2,1e-06
feast,128,grid,10,wave,4,0.001,2023696,low,0.0008669905364513,0.0047003151848912,0.0120402025058865,0.020893869921565,0.0292296074330806,0.0380076058208942,0.0490756668150424,0.0615308582782745,0.0732298046350479,0.0833688899874687,0.0929109826683998,0.1029252037405967,0.1133085712790489,0.1234313696622848,0.1333126723766327,0.1438999325037002,0.2896270751953125,0.3789332807064056,3183.479248046875,518.6458758219644,17.37749160293549,16,1,10:1,1e-06
feast,16,grid,10,reactiondiffusion,4,0.001,2023696,high,0.0002666433574631,0.0025606481358408,0.0105010094121098,0.0260315984487533,0.0458388663828372,0.0636505335569381,0.0759927779436111,0.0840872973203659,0.0906246900558471,0.0969166904687881,0.1030180752277374,0.1090317666530609,0.1156346127390861,0.1232148110866546,0.1311126202344894,0.1379164606332779,0.2624742686748504,0.3460060060024261,1916.632568359375,327.2719886896682,2.978759510846795,16,1,10:2,1e-06
feast,16,grid,10,wave,4,0.001,2023696,medium,0.0012223087251186,0.0061907232739031,0.0147631904110312,0.0250866264104843,0.0359315536916255,0.0471637956798076,0.0585087724030017,0.0689744502305984,0.0780271738767623,0.0861232280731201,0.0942299962043762,0.1027740612626075,0.1116136014461517,0.1203343942761421,0.128880426287651,0.137598767876625,0.2861963510513305,0.3692178130149841,1052.599853515625,179.39945456674667,1.245734339942763,16,1,10:2,1e-06
feast,128,cloud,10,reactiondiffusion,4,0.001,2023696,low,0.0004510689759626,0.0047269123606383,0.0205974709242582,0.0548277013003826,0.1043837890028953,0.1556650251150131,0.1947690993547439,0.2178560644388198,0.2319284677505493,0.247640460729599,0.2719886600971222,0.3062813282012939,0.3472200036048889,0.3880216479301452,0.4214654564857483,0.4439105093479156,0.4993216097354889,0.6638926267623901,3735.2197265625,998.9687095584904,18.60057263653109,16,1,0:1,1e-06
feast,128,cloud,10,burgers,4,0.001,2023696,low,0.0031586985569447,0.009666851721704,0.0189150795340538,0.0307130739092826,0.0450485609471797,0.0621493533253669,0.082124039530754,0.1050499677658081,0.130882054567337,0.1593988388776779,0.1904501020908355,0.2238191962242126,0.2591701447963714,0.2961306571960449,0.3343420028686523,0.3734171390533447,0.4376951456069946,0.6050845384597778,3365.199462890625,968.3654779256282,22.525840124823446,16,1,0:1,1e-06
feast,8,grid,3,burgers,4,0.001,2023696,full,0.0004270987410563,0.0010019273031502,0.0020866990089416,0.003865438979119,0.0064898347482085,0.010088319890201,0.0147784184664487,0.0206726361066102,0.0278839822858572,0.0365205220878124,0.0466852150857448,0.0584736056625843,0.0719674080610275,0.0872375518083572,0.1043444126844406,0.1233399584889411,0.2238522469997406,0.3231807947158813,3040.4296875,682.4571257550341,96.4945344556815,16,1,0:1,1e-06
feast,16,cloud,10,advection,4,0.001,2010835,high,0.0001264147140318,0.0021658001933246,0.012918378226459,0.0446407385170459,0.1086159646511077,0.2063222229480743,0.3270821273326874,0.4544976949691772,0.5750100612640381,0.6818685531616211,0.7739849090576172,0.8531598448753357,0.9216825366020204,0.9805272817611694,1.0288265943527222,1.0655875205993652,0.7830320000648499,1.0295355319976809,1690.0430908203125,411.88220202316455,10.262188459545593,16,1,0:1,1e-06
feast,16,grid,10,advection,4,0.001,2010835,high,6.226608093129471e-05,0.0010344942566007,0.0061474945396184,0.0218761898577213,0.0572926737368106,0.1232052519917488,0.2316210120916366,0.3946070075035095,0.6223226189613342,0.9208841919898988,1.2904777526855469,1.723142147064209,2.199984312057495,2.6911003589630127,3.1644089221954346,3.606332302093506,1.5294740200042725,1.867460012435913,1912.1021728515625,326.6957356378111,2.4298507550763966,16,1,10:2,1e-06
feast,128,grid,10,kuramotosivashinsky,4,0.001,2010835,low,0.0073753092437982,0.0615942329168319,0.1892537772655487,0.374502569437027,0.5855288505554199,0.7924919128417969,0.9730182886123656,1.1159921884536743,1.2215226888656616,1.2962747812271118,1.3481489419937134,1.3834072351455688,1.4064946174621582,1.4210065603256226,1.4302356243133545,1.4371973276138306,0.9659152030944824,1.1987119913101196,3162.275146484375,525.7284583040109,15.733254153354421,16,1,10:1,1e-06
feast,16,grid,10,kuramotosivashinsky,4,0.001,2010835,medium,0.0038235269021242,0.0332991145551204,0.1100244149565696,0.2377041131258011,0.408629298210144,0.6074775457382202,0.8122785091400146,1.0010558366775513,1.1602519750595093,1.288061022758484,1.3912231922149658,1.4784666299819946,1.555574893951416,1.6247578859329224,1.6863126754760742,1.7405580282211304,1.058735728263855,1.3183095455169678,1049.594482421875,183.12076883087695,4.194522762637234,16,1,10:2,1e-06
feast,16,grid,10,gasdynamics,4,0.001,2049418,medium,0.0163822714239358,0.0399306714534759,0.0708521604537963,0.1054739877581596,0.1416341066360473,0.1774695813655853,0.2111072689294815,0.241342544555664,0.2685390412807464,0.294472336769104,0.3212227821350097,0.3502953350543976,0.3826447427272796,0.4185788929462433,0.4573269784450531,0.4973207712173462,0.5268438458442688,0.7001926302909851,1055.0953369140625,183.0026627377817,1.5919821921966346,16,1,10:2,1e-06
feast,8,grid,3,kuramotosivashinsky,4,0.001,2010835,full,0.0006153967115096,0.0048601478338241,0.0161170326173305,0.0383073389530181,0.0776987597346305,0.1423730850219726,0.2389863133430481,0.3683037459850311,0.5232400894165039,0.6919610500335693,0.8629546761512756,1.028253436088562,1.1833597421646118,1.3253560066223145,1.4519836902618408,1.5620648860931396,0.9872750639915466,1.2479362487792969,3012.873779296875,695.0918830925759,89.32481791862095,16,1,0:1,1e-06
feast,16,grid,10,wave,4,0.001,2023696,high,0.0009043795289471,0.0050378856249153,0.0130916573107242,0.0237368382513523,0.0373990125954151,0.0544084645807743,0.072408378124237,0.0889923349022865,0.1039847508072853,0.1187545210123062,0.1342023164033889,0.1503215879201889,0.1677296161651611,0.1875637173652649,0.2105669379234314,0.2372107505798339,0.3714631795883178,0.4808921217918396,1926.9737548828125,327.1817160012993,2.3974423230676085,16,1,10:2,1e-06
feast,16,cloud,10,reactiondiffusion,4,0.001,2023696,medium,0.0002947162138298,0.0034079533070325,0.0155711080878973,0.041670087724924,0.0776112452149391,0.1123316213488578,0.1376179903745651,0.1530843675136566,0.1630011200904846,0.1715666055679321,0.1815497726202011,0.1950898617506027,0.213633194565773,0.2364161610603332,0.2602868378162384,0.2815252542495727,0.3983689546585083,0.5131911039352417,1048.0687255859375,176.22856689453124,1.8212327287797414,16,1,0:2,1e-06
feast,8,grid,3,advection,4,0.001,2010835,full,7.943988748593256e-05,0.0014328559627756,0.009439299814403,0.0370475761592388,0.1050440967082977,0.2388411313295364,0.4657554924488067,0.8150118589401245,1.3161441087722778,1.994052767753601,2.8677027225494385,3.9223031997680655,4.990030765533447,5.656800270080566,5.507270336151123,4.667973041534424,1.7642767429351809,2.140211343765259,3307.87939453125,693.9731830281256,98.18037894625292,16,1,0:1,1e-06
feast,16,grid,10,reactiondiffusion,4,0.001,2023696,medium,0.0002224650525022,0.0024329472798854,0.011120700277388,0.0308552514761686,0.0604423359036445,0.0918216034770011,0.1168200448155403,0.1331077814102172,0.1430887132883072,0.1501753777265548,0.15708027780056,0.1656915843486786,0.1770821660757064,0.1911892145872116,0.2065949887037277,0.2207659482955932,0.3351747691631317,0.4413658082485199,1039.010986328125,179.80677216526607,2.2236672206297246,16,1,10:2,1e-06
feast,8,grid,3,wave,4,0.001,2023696,full,0.0011920008109882,0.0078001874499022,0.0229007508605718,0.045199479907751,0.07233227789402,0.1010749563574791,0.1277801394462585,0.1536549776792526,0.1829171776771545,0.2163802981376648,0.2526923418045044,0.2904761433601379,0.3281677365303039,0.3650118410587311,0.4027886688709259,0.4436384439468384,0.5113584995269775,0.6617129445075989,3369.248291015625,688.098952264035,98.22463651656783,16,1,0:1,1e-06
feast,16,cloud,10,wave,4,0.001,2023696,medium,0.0011882858816534,0.0082240728661417,0.025044972077012,0.0496774837374687,0.0742570087313652,0.0979105085134506,0.1250146627426147,0.1570558995008468,0.1910724192857742,0.2226672023534774,0.2503817081451416,0.2764399945735931,0.3035925626754761,0.3317320048809051,0.359397828578949,0.3872103691101074,0.4828552007675171,0.6201521158218384,1048.2706298828125,308.17353841430725,11.884867276763783,16,1,0:2,1e-06
feast,128,cloud,10,advection,4,0.001,2010835,low,0.0001747038040775,0.0030189617536962,0.0177358575165271,0.0595546998083591,0.1399451792240142,0.256608247756958,0.3937615752220154,0.5313273668289185,0.6539336442947388,0.7545489072799683,0.833437442779541,0.8949247002601624,0.9436997175216676,0.981829047203064,1.0084078311920166,1.0225690603256226,0.7733357548713684,1.0062366724014282,3426.49072265625,976.3554569146796,23.29359830299846,16,1,0:1,1e-06
feast,128,cloud,10,wave,4,0.001,2023696,low,0.0013533552410081,0.0097468513995409,0.0298783592879772,0.0581512376666069,0.088550366461277,0.1214034780859947,0.159815102815628,0.2043589949607849,0.2525912523269653,0.3000724017620086,0.34384685754776,0.3842231631278991,0.4234413504600525,0.4627576470375061,0.5018712282180786,0.540777325630188,0.5734916925430298,0.7347542643547058,3742.962890625,1002.2427166878159,21.913367540618438,16,1,0:1,1e-06
feast,128,grid,10,reactiondiffusion,4,0.001,2023696,low,0.0002817863714881,0.0028719743713736,0.0124667780473828,0.0333872027695179,0.0650415197014808,0.1015332639217376,0.1357002109289169,0.1634880453348159,0.1848021298646927,0.2016528844833374,0.2169224768877029,0.2343032956123352,0.2572890222072601,0.2869496047496795,0.3209485709667206,0.3546573221683502,0.4388167858123779,0.59174644947052,2926.50927734375,524.9700340918831,19.88275229539195,16,1,10:1,1e-06
feast,128,cloud,10,kuramotosivashinsky,4,0.001,2010835,medium,0.0062060947529971,0.0539633855223655,0.1725890934467315,0.356754332780838,0.5846806168556213,0.8269544839859009,1.0512869358062744,1.2359577417373655,1.3776028156280518,1.4845726490020752,1.5666215419769287,1.630998969078064,1.6834924221038818,1.7286657094955444,1.7687784433364868,1.803722858428955,1.0767061710357666,1.341658592224121,1054.1356201171875,176.29365020751953,1.00891287472567,16,1,0:2,1e-06
feast,128,cloud,10,advection,4,0.001,2010835,medium,0.0001512705348432,0.0025154543109238,0.0143077839165925,0.0468537881970405,0.1083786785602569,0.1982063502073288,0.3088359236717224,0.43214151263237,0.5622913241386414,0.6944801211357117,0.8234081268310547,0.9434289932250975,1.0492420196533203,1.1367719173431396,1.205340027809143,1.2607417106628418,0.8811241388320923,1.1181442737579346,1048.8570556640625,175.95117218017577,1.1489528997803387,16,1,0:2,1e-06
feast,128,grid,10,advection,4,0.001,2010835,low,8.794549648882821e-05,0.0013626812724396,0.0073522701859474,0.0230311769992113,0.0511989295482635,0.0898943468928337,0.1331256926059723,0.1737272888422012,0.2064370661973953,0.2300662994384765,0.2477463036775589,0.2646904289722442,0.2845894992351532,0.307224839925766,0.3293183445930481,0.3479633927345276,0.4568462073802948,0.5851408243179321,2887.64208984375,519.9174483401921,27.70720726447844,16,1,10:1,1e-06
feast,128,cloud,10,gasdynamics,4,0.001,2049418,low,0.0727101117372512,0.1242404580116272,0.1788170039653778,0.2383467406034469,0.2985377311706543,0.3577991425991058,0.4138139486312866,0.4654670357704162,0.5119585990905762,0.5535919666290283,0.5912761688232422,0.6257135272026062,0.6577550172805786,0.6882672309875488,0.7175735235214233,0.7459021210670471,0.6731954216957092,0.86278235912323,3483.88525390625,998.640626032635,26.788454255615537,16,1,0:1,1e-06
feast,128,cloud,10,kuramotosivashinsky,4,0.001,2010835,low,0.0103852245956659,0.0873095393180847,0.2705416083335876,0.5426005125045776,0.8522785305976868,1.121243238449097,1.277544617652893,1.3216131925582886,1.3142255544662476,1.3096622228622437,1.3272491693496704,1.3609895706176758,1.3969061374664309,1.424943447113037,1.4422999620437622,1.450459361076355,0.9711053967475892,1.2042139768600464,3461.209716796875,992.0629020315143,24.536179658528535,16,1,0:1,1e-06
feast,16,grid,10,burgers,4,0.001,2023696,medium,0.0011167284101247,0.0029939822852611,0.0058724055998027,0.0099573200568556,0.0154322478920221,0.0224133990705013,0.0310256220400333,0.0414530858397483,0.0538537018001079,0.0683952644467353,0.0852581188082695,0.1045887470245361,0.1265333443880081,0.1512214392423629,0.1788231134414672,0.2094746679067611,0.2940286099910736,0.4355989992618561,1039.3580322265625,178.07409165954394,1.641686660060549,16,1,10:2,1e-06
fno,64,grid,10,gasdynamics,4,0.001,2124228,high,0.0022760070860385,0.0052740802057087,0.0088730854913592,0.0131500540301203,0.0178955942392349,0.0230016205459833,0.02836699411273,0.0338965021073818,0.0395790226757526,0.0455463752150535,0.0519652664661407,0.0589490793645381,0.0666118413209915,0.0750174894928932,0.0842092335224151,0.094197541475296,0.2016117125749588,0.2983906269073486,31.025714874267575,9.174462187385448,0.7738524746517359,16,1,0:1,1e-06
fno,128,grid,10,reactiondiffusion,4,0.001,2123458,medium,0.0001117732390412,0.0011252792319282,0.0049529476091265,0.0130007462576031,0.0240795314311981,0.0351905226707458,0.0446152277290821,0.0534865222871303,0.0639367029070854,0.0763821974396705,0.0889493376016616,0.0993224084377288,0.106498435139656,0.110540471971035,0.1120688542723655,0.1124737933278083,0.2411760240793228,0.3326844871044159,59.9903564453125,46.53641220167572,232.413109758497,16,1,0:1,1e-06
fno,128,grid,10,wave,4,0.001,2123458,medium,0.000151878921315,0.0005732856225222,0.0011006643762812,0.0015832794597372,0.0019646540749818,0.002217625034973,0.0023820691276341,0.0025137192569673,0.0026380179915577,0.0027709095738828,0.0029422442894428,0.0031919474713504,0.0035368960816413,0.0039447559975087,0.0043580401688814,0.0047637056559324,0.0519207380712032,0.0686812102794647,60.38985061645508,24.909352209053786,77.48885245673911,16,1,0:1,1e-06
fno,8,grid,10,gasdynamics,4,0.001,2124228,full,0.0026907753199338,0.0056477109901607,0.0097589287906885,0.0149227492511272,0.0209132600575685,0.0277364086359739,0.0354565754532814,0.0441099964082241,0.0536883845925331,0.0641673803329467,0.0755138471722602,0.0876802951097488,0.1006271913647651,0.1143826693296432,0.129002034664154,0.1444605141878128,0.2437807619571685,0.3633951246738434,34.52394485473633,10.805980129241943,1.3172688905002619,16,1,0:1,1e-06
fno,8,grid,10,burgers,4,0.001,2123458,full,0.0002184507320635,0.0005651075625792,0.0013870124239474,0.0028674597851932,0.005133694037795,0.0082685425877571,0.0123303830623626,0.017360396683216,0.023384690284729,0.0304125044494867,0.0384333692491054,0.0474211387336254,0.0573335923254489,0.0681165233254432,0.0797061398625373,0.0920313894748687,0.2005413770675659,0.2834814488887787,33.99217987060547,10.4056396484375,0.49863774141762307,16,1,0:1,1e-06
fno,64,grid,10,kuramotosivashinsky,4,0.001,2123073,high,0.0011962996795773,0.0107673946768045,0.037685040384531,0.084492340683937,0.1494314968585968,0.231803297996521,0.3298096060752868,0.4372776746749878,0.5463056564331055,0.6518115401268005,0.7518250346183777,0.8451155424118042,0.9300758242607116,1.0051941871643066,1.0701179504394531,1.1258594989776611,0.8517249226570129,1.060688614845276,31.763277053833008,10.138610911720965,1.6191168304493062,16,1,0:1,1e-06
fno,64,grid,10,wave,4,0.001,2123458,high,0.0001311019586864,0.000396677700337,0.0006619304767809,0.0009319743257947,0.0012277610367164,0.0015096951974555,0.0017640822334215,0.0020086416043341,0.0022624137345701,0.002546512754634,0.0028689897153526,0.0032144342549145,0.0035753538832068,0.0039631272666156,0.0043604429811239,0.0047352849505841,0.0518939942121505,0.0684783235192298,31.64129638671875,10.117009782967733,1.1418060531113345,16,1,0:1,1e-06
fno,8,grid,10,kuramotosivashinsky,4,0.001,2123073,full,0.0007931628497317,0.0075502493418753,0.0262824222445487,0.0595528148114681,0.108288936316967,0.1745857149362564,0.2599058151245117,0.361615389585495,0.4732028245925903,0.5877512097358704,0.7003565430641174,0.8077401518821716,0.9071893692016602,0.9962941408157348,1.073508620262146,1.1386722326278689,0.8483076095581055,1.0653971433639526,33.34965896606445,10.16022274017334,0.3990688636179209,16,1,0:1,1e-06
fno,128,grid,10,burgers,4,0.001,2123458,medium,0.0002332900330657,0.0005655252025462,0.0012045385083183,0.0022402068134397,0.003714827587828,0.0056572840549051,0.0081094661727547,0.0110888285562396,0.0146282855421304,0.0187572818249464,0.0235296506434679,0.0289477705955505,0.0350419990718364,0.0418464131653308,0.0493623279035091,0.0576219297945499,0.1482287049293518,0.2324664741754531,59.9825325012207,19.540569230621937,39.59908904838084,16,1,0:1,1e-06
fno,128,grid,10,kuramotosivashinsky,4,0.001,2123073,low,0.0019100728677585,0.0144764762371778,0.0464366562664508,0.1040937602519989,0.1915045231580734,0.3081404566764831,0.4472990930080414,0.5989488959312439,0.7535333037376404,0.9038334488868712,1.0441179275512695,1.1692876815795898,1.2760812044143677,1.3640793561935425,1.4357558488845823,1.4944618940353394,0.97322279214859,1.222184658050537,32.24737930297852,10.615086634367271,1.8493836121089346,16,1,0:1,1e-06
fno,128,grid,10,advection,4,0.001,2123073,medium,5.522555511561222e-06,2.0608256818377413e-05,5.4381245718104765e-05,0.0001010811465675,0.0001660561538301,0.0002453248016536,0.0003423616872169,0.000455178116681,0.000585441419389,0.0007315076654776,0.0008939383551478,0.001072232145816,0.0012670004507526,0.0014786863466724,0.0017084893770515,0.0019575846381485,0.0355980060994625,0.0439730249345302,59.1802978515625,51.57865088593726,268.77508730047794,16,1,0:1,1e-06
fno,128,grid,10,reactiondiffusion,4,0.001,2123458,low,0.0001079993089661,0.0013594520278275,0.0066946223378181,0.019406633451581,0.0395310781896114,0.0627892091870307,0.0838700234889984,0.0999857187271118,0.1113161370158195,0.1197879165410995,0.127778023481369,0.1376304477453231,0.1519225686788559,0.1726238578557968,0.199360579252243,0.2288855761289596,0.3480754494667053,0.4745032489299774,30.210058212280277,8.995520064569313,0.8113884991313557,16,1,0:1,1e-06
fno,128,grid,10,kuramotosivashinsky,4,0.001,2123073,medium,0.0008620838634669,0.0065290019847452,0.0209744032472372,0.0477164685726165,0.0915469825267791,0.1579621136188507,0.2487365156412124,0.359931468963623,0.4853202998638153,0.618033766746521,0.7543338537216187,0.8880733251571655,1.0162816047668457,1.131972312927246,1.2353670597076416,1.322747826576233,0.9042527675628662,1.1497875452041626,58.97999572753906,20.258219662834616,44.66750685025357,16,1,0:1,1e-06
fno,128,grid,10,advection,4,0.001,2123073,low,3.462421227595769e-05,4.683924635173753e-05,6.359799590427428e-05,8.558177796658128e-05,0.000116730807349,0.00014439986262,0.000177460067789,0.0002149357605958,0.0002568772179074,0.0003017130948137,0.0003506175999063,0.0004035702440887,0.0004600185493472,0.0005208414513617,0.0005847983993589,0.0006532374536618,0.0203012637794017,0.0254012886434793,38.185302734375,10.799882614934766,1.8217711647206176,16,1,0:1,1e-06
fno,128,grid,10,burgers,4,0.001,2123458,low,0.000434704037616,0.0010361896129325,0.0020079356618225,0.0035324615892022,0.0056548439897596,0.008424749597907,0.0118765169754624,0.0159987136721611,0.0207816865295171,0.0262011792510747,0.0322643555700778,0.0389125384390354,0.0461348742246627,0.0539056286215782,0.0621769204735755,0.0709524974226951,0.1600896567106247,0.2578470408916473,33.858158111572266,10.162901773596504,1.417220976674938,16,1,0:1,1e-06
fno,8,grid,10,wave,4,0.001,2123458,full,0.0001715362304821,0.0005251329275779,0.0008973125368356,0.0012365415459498,0.0015606813831254,0.0018751258030533,0.0021889558993279,0.0025213353801518,0.0028850433882325,0.0032696339767426,0.0036534336395561,0.0040413313545286,0.0044554332271218,0.0048827687278389,0.0052821314893662,0.0056813322007656,0.0563936606049537,0.0743796080350875,34.09681701660156,10.723449630737305,1.3725172905727439,16,1,0:1,1e-06
fno,128,grid,10,wave,4,0.001,2123458,low,0.0001241335558006,0.0003850337816402,0.0006268348079174,0.0008321158238686,0.0010432507842779,0.001258926349692,0.0014737114543095,0.0016901157796382,0.0019139171345159,0.0021486047189682,0.0023993051145225,0.0026760182809084,0.0029862956143915,0.003320257179439,0.0036583051551133,0.0039932420477271,0.0488330386579036,0.0630610734224319,30.861236572265625,9.316263939994784,0.8509182317504702,16,1,0:1,1e-06
fno,64,grid,10,reactiondiffusion,4,0.001,2123458,high,5.858135045855306e-05,0.0006135651492513,0.0026883438695222,0.0072981426492333,0.0146073587238788,0.0234816242009401,0.0319258533418178,0.0385795533657074,0.0434381775557994,0.047188252210617,0.0504606030881404,0.0538270846009254,0.0583782456815242,0.0656472146511077,0.0761751607060432,0.0879591107368469,0.2124207317829132,0.2901683449745178,31.792272567749023,10.070628865266604,1.4332876337851352,16,1,0:1,1e-06
fno,64,grid,10,burgers,4,0.001,2123458,high,0.0002211075188824,0.0004874379083048,0.0009604570223018,0.001708629541099,0.0027743596583604,0.0041835536248981,0.0059506734833121,0.0080754943192005,0.0105544431135058,0.0133832525461912,0.0165490340441465,0.0200513619929552,0.0238740015774965,0.0280171893537044,0.0324801430106163,0.0372502580285072,0.1089487895369529,0.1789239346981048,31.077354431152344,10.133823887444125,1.2286275550940082,16,1,0:1,1e-06
fno,128,grid,10,gasdynamics,4,0.001,2124228,low,0.0031260170508176,0.0050684823654592,0.0077375620603561,0.0106751322746276,0.0140274157747626,0.0179536510258913,0.0222354419529438,0.0272649135440588,0.0328264497220516,0.0389610826969146,0.0455922111868858,0.0527130477130413,0.0602967180311679,0.0683822929859161,0.0768699496984481,0.0857349261641502,0.1841610074043274,0.2866933047771454,33.34619903564453,9.775841321797728,1.467745848589945,16,1,0:1,1e-06
fno,8,grid,10,reactiondiffusion,4,0.001,2123458,full,0.0001068116253009,0.0008836945635266,0.0032855425961315,0.0080660944804549,0.0151159521192312,0.0241121929138898,0.0354973450303077,0.0494526475667953,0.0635307431221008,0.0729831606149673,0.0750949159264564,0.0728996470570564,0.0724635869264602,0.0758131742477417,0.0794076472520828,0.0801732987165451,0.1996599435806274,0.2580983340740204,34.1552619934082,10.436357059478759,0.3712431592174228,16,1,0:1,1e-06
fno,128,grid,10,gasdynamics,4,0.001,2124228,medium,0.0023647593334317,0.006153279915452,0.0114035103470087,0.0181697979569435,0.0260345358401536,0.0345309749245643,0.0435211732983589,0.052959993481636,0.0627871751785278,0.0729764848947525,0.083552785217762,0.0945464149117469,0.1059601530432701,0.1178753525018692,0.1304161697626114,0.1435564011335373,0.24813774228096,0.3724458813667297,60.309688568115234,26.568555794510186,89.02856773013319,16,1,0:1,1e-06
fno,64,grid,10,advection,4,0.001,2123073,high,1.029413215292152e-05,3.132491838186979e-05,6.671182200079784e-05,0.0001102505120798,0.0001648245233809,0.0002305803791387,0.0003080336609855,0.0003964368370361,0.0004960089572705,0.0006067041540518,0.0007284036837518,0.0008608867065049,0.0010040795896202,0.0011579926358535,0.0013225870206952,0.0014979311963543,0.0307540912181139,0.0383641012012958,29.78006935119629,9.941375169517949,1.4589305741312786,16,1,0:1,1e-06
fno,8,grid,10,advection,4,0.001,2123073,full,2.9279544833116238e-06,1.1756927960959729e-05,3.17511658067815e-05,6.219129863893613e-05,0.0001060742288245,0.0001627638848731,0.0002341006329515,0.0003201473446097,0.0004219978291075,0.0005399207002483,0.0006744452985003,0.000825916591566,0.0009952144464477,0.0011837898055091,0.0013940121280029,0.001628661993891,0.0321690402925014,0.0397942475974559,33.78436279296875,10.439910430908203,0.35493510768731307,16,1,0:1,1e-06
gat,128,cloud,10,advection,4,0.001,2122760,medium,0.0073760477825999,0.0377044640481472,0.1155474111437797,0.2555625140666961,0.4464976489543915,0.6512452960014343,0.8309628963470459,0.9666048288345336,1.062066912651062,1.1311391592025757,1.1858479976654053,1.2330459356307983,1.2750558853149414,1.3121525049209597,1.3449902534484863,1.374205470085144,0.812366247177124,1.152687907218933,5055.0419921875,734.2101033528646,101.93500302814265,16,1,0:2,1e-06
gat,8,grid,10,burgers,4,0.001,2127888,full,0.0020086681470274,0.0057251900434494,0.0143672777339816,0.0293374527245759,0.0515752285718917,0.0818634033203125,0.1218896880745887,0.1731649488210678,0.23838472366333,0.3202693462371826,0.4236395061016083,0.5552079081535339,0.7284998893737793,0.9659216403961182,1.3081313371658323,1.8243566751480105,0.7812989950180054,1.0337570905685425,2595.102783203125,368.43561464152475,1.2910071097452964,16,1,0:1,1e-06
gat,128,cloud,10,reactiondiffusion,4,0.001,2127888,medium,0.0138183403760194,0.0772616192698478,0.2259178161621093,0.4149440228939056,0.5969642996788025,0.7399687767028809,0.8289740085601807,0.8732962012290955,0.8969813585281372,0.9203646183013916,0.950061559677124,0.9950577616691588,1.072037696838379,1.192160725593567,1.3471198081970217,1.5315650701522827,0.9499715566635132,1.2032829523086548,5074.5908203125,728.2522702684589,60.66184533195645,16,1,0:2,1e-06
gat,64,grid,10,burgers,4,0.001,2127888,high,0.0016857197042554,0.0049849161878228,0.0110583547502756,0.0210240706801414,0.0362196341156959,0.0585065074265003,0.0904764682054519,0.1357481777667999,0.1997005939483642,0.2907992601394653,0.4228307008743286,0.6184893846511841,0.9157900214195251,1.3793678283691406,2.121929168701172,3.3493523597717285,1.1553374528884888,1.6782735586166382,3419.12158203125,524.3522315622305,33.071826338023044,16,1,10:1,1e-06
gat,128,grid,10,gasdynamics,4,0.001,2138144,low,0.0817597210407257,0.1753491312265396,0.3188530206680298,0.5349016785621643,0.8506624102592468,1.302676796913147,1.8926342725753784,2.5637166500091557,3.215529441833496,3.8074159622192383,4.430023193359375,5.364225387573242,7.198135852813721,11.210261344909668,20.7673397064209,44.43927001953125,3.223045587539673,5.802359104156494,1840.75537109375,259.8072802192704,9.78158209149073,16,1,10:1,1e-06
gat,128,grid,10,kuramotosivashinsky,4,0.001,2122760,medium,0.5329973101615906,0.869417667388916,1.129695177078247,1.2057437896728516,1.1331920623779297,1.0610591173171997,1.0458430051803589,1.118650197982788,1.122711181640625,1.120045185089111,1.100533366203308,1.100846529006958,1.113692045211792,1.1194512844085691,1.1130239963531494,1.1130905151367188,0.8532515168190002,1.0550167560577393,3780.793701171875,528.0573254583284,9.599000480608309,16,1,10:1,1e-06
gat,8,grid,10,wave,4,0.001,2127888,full,0.0026307385414838,0.0182445552200078,0.0598483383655548,0.1208454221487045,0.1963275223970413,0.3246249258518219,0.5153678059577942,0.7107387185096741,0.8882898092269897,1.0968868732452393,1.3533055782318115,1.6624150276184082,2.051414251327514,2.5093350410461426,3.045140504837036,3.996650457382202,1.3584593534469604,1.8187294006347656,2593.255615234375,368.9638469674538,1.4782386354634542,16,1,0:1,1e-06
gat,8,grid,10,reactiondiffusion,4,0.001,2127888,full,0.0076391594484448,0.032095693051815,0.1046922951936721,0.233386754989624,0.4051108062267303,0.5864583849906921,0.7506340742111206,0.890855073928833,1.0216689109802246,1.141474366188049,1.2369576692581177,1.2883870601654053,1.2849425077438354,1.2252988815307615,1.1125266551971436,0.9652515649795532,0.7979835271835327,0.9766699075698853,2602.530029296875,368.80557756118645,1.591915779604318,16,1,0:1,1e-06
gat,64,grid,10,reactiondiffusion,4,0.001,2127888,high,0.0123675968497991,0.0583193823695182,0.1849550157785415,0.3959169685840606,0.669030487537384,0.97036874294281,1.2643414735794067,1.5341440439224243,1.7930293083190918,2.0510356426239014,2.317789077758789,2.614673852920532,2.972891092300415,3.4324371814727783,4.067483901977539,5.050131797790527,1.6440660953521729,2.2032063007354736,3950.8427734375,505.1351762984635,34.21689906424445,16,1,10:1,1e-06
gat,128,grid,10,wave,4,0.001,2127888,medium,0.0067504532635211,0.039756141602993,0.1077142506837844,0.2045346200466156,0.3024913072586059,0.4306755661964416,0.6355209946632385,0.8390239477157593,1.103262424468994,1.4881248474121094,2.0022780895233154,2.5942516326904297,3.2231929302215576,3.940496921539306,4.815695762634277,5.86904239654541,1.871005296707153,2.419397592544556,3783.98828125,529.5205021162291,10.325967799338457,16,1,10:1,1e-06
gat,8,grid,10,advection,4,0.001,2122760,full,0.0007363806362263,0.0040147374384105,0.0186986029148101,0.060753658413887,0.1494703441858291,0.299392819404602,0.5165563225746155,0.8038374781608582,1.1706209182739258,1.639780044555664,2.249840021133423,3.055716037750244,4.131316184997559,5.565806865692139,7.449499130249023,9.854779243469238,2.3803725242614746,2.863687753677368,2596.037109375,368.37127166404713,1.2369760999011488,16,1,0:1,1e-06
gat,8,grid,10,kuramotosivashinsky,4,0.001,2122760,full,0.0024917591363191,0.0194699577987194,0.0732918828725814,0.2096639722585678,0.491052895784378,0.94853538274765,1.540883183479309,2.178600788116455,2.7773804664611816,3.284228801727295,3.676225900650024,3.951335191726685,4.121852874755859,4.2076735496521,4.23337984085083,4.22110652923584,1.58491051197052,2.049202442169189,2587.31103515625,368.41033540456584,1.0762784561717296,16,1,0:1,1e-06
gat,128,cloud,10,reactiondiffusion,4,0.001,2127888,low,0.6908996105194092,0.8345950245857239,0.9678350687026978,1.0201410055160522,1.0834282636642456,1.1418410539627075,1.1505531072616575,1.155429482460022,1.1594122648239136,1.1572999954223633,1.1742091178894043,1.2360821962356567,1.4456416368484497,2.097973108291626,4.170491218566895,10.83259105682373,0.8528664112091064,1.1428841352462769,2535.148193359375,735.8253337194753,24.947147324242703,16,1,0:1,1e-06
gat,128,cloud,10,burgers,4,0.001,2127888,low,0.0062514767050743,0.0255035497248172,0.061911292374134,0.1166649609804153,0.1913763880729675,0.2892107367515564,0.4138905704021454,0.5679349899291992,0.7539682388305664,0.9756667017936708,1.2371771335601809,1.5404908657073977,1.88444459438324,2.266026973724365,2.6800343990325928,3.120590209960937,1.4998817443847656,1.7594130039215088,2575.767333984375,729.1305103441636,21.36998613037799,16,1,0:1,1e-06
gat,64,grid,10,wave,4,0.001,2127888,high,0.0038445927202701,0.0227250736206769,0.0805144682526588,0.1771085411310196,0.2409958988428115,0.317146748304367,0.4809847176074981,0.6712058186531067,0.9290927052497864,1.2853132486343384,1.7081050872802734,2.1921956539154053,2.7766003608703613,3.4393186569213867,4.185723781585693,5.052236080169678,1.6390503644943235,2.238640546798706,3944.74609375,503.90423196940867,33.77800962599045,16,1,10:1,1e-06
gat,64,cloud,10,gasdynamics,4,0.001,2138144,high,0.0718397572636604,0.1690157353878021,0.2905570268630981,0.4183694720268249,0.5492762923240662,0.680740237236023,0.8105504512786865,0.9359793663024902,1.0554218292236328,1.1693497896194458,1.2806270122528076,1.394060134887695,1.514518141746521,1.6449803113937378,1.7851437330245972,1.941413640975952,1.0820367336273191,1.3885419368743896,4603.486328125,1192.5099677762837,32.94650973872881,16,1,0:1,1e-06
gat,128,grid,10,reactiondiffusion,4,0.001,2127888,medium,0.0129321971908211,0.0640734732151031,0.1922098845243454,0.3688657283782959,0.5527961254119873,0.7095197439193726,0.8143577575683594,0.8713797926902771,0.9136393666267396,0.9726881980895996,1.0591200590133667,1.1642078161239624,1.2882095575332642,1.450770139694214,1.6640475988388062,1.9164886474609373,1.1104732751846311,1.383263349533081,3789.627197265625,529.6314791701192,10.88877330929331,16,1,10:1,1e-06
gat,128,cloud,10,gasdynamics,4,0.001,2138144,medium,0.0758247822523117,0.1616980135440826,0.2673859596252441,0.3854571580886841,0.5182749629020691,0.668324887752533,0.8375457525253296,1.02674663066864,1.2362987995147705,1.4678847789764404,1.7252808809280396,2.012969493865967,2.333614587783813,2.68863844871521,3.0813419818878174,3.519003868103028,1.438503623008728,1.869493842124939,5065.28076171875,730.6321949678309,69.01409614758893,16,1,0:2,1e-06
gat,128,grid,10,burgers,4,0.001,2127888,medium,0.0037492783740162,0.0135745983570814,0.0316483862698078,0.0617825016379356,0.1066882535815239,0.1698891967535019,0.255389541387558,0.3671706318855285,0.5072733759880066,0.6772672533988953,0.8785653114318848,1.1130536794662476,1.3825792074203491,1.6906025409698486,2.042206287384033,2.444535970687866,1.1781152486801147,1.5562604665756226,3749.71630859375,605.3698738716744,10.19389250007901,16,1,10:1,1e-06
gat,64,grid,10,kuramotosivashinsky,4,0.001,2122760,high,0.0583878234028816,0.384547084569931,0.938216269016266,1.478628396987915,1.871204137802124,2.1215615272521973,2.272921085357666,2.354278802871704,2.418630599975586,2.501472949981689,2.616474866867065,2.763156652450561,2.9465394020080566,3.175891876220703,3.458441972732544,3.785385608673096,1.6782643795013428,1.9454556703567505,3941.272216796875,503.7570748147646,33.63980304570937,16,1,10:1,1e-06
gat,64,cloud,10,kuramotosivashinsky,4,0.001,2122760,high,0.1185190379619598,0.4346477389335632,0.8734452128410339,1.3648673295974731,1.773450255393982,1.9937936067581177,2.060656785964966,2.0598151683807373,2.0362555980682373,2.0047340393066406,1.9789893627166748,1.949394941329956,1.908380508422852,1.868757724761963,1.8373130559921265,1.804484844207764,1.0773059129714966,1.3430808782577517,4593.65087890625,1184.2773685478767,37.56298067590382,16,1,0:1,1e-06
gat,128,cloud,10,wave,4,0.001,2127888,medium,0.0190090928226709,0.0737950429320335,0.1748352199792862,0.3085395693778991,0.4331728219985962,0.579664945602417,0.8325233459472656,1.1804598569869995,1.5408912897109983,1.9508006572723389,2.4980483055114746,3.1698238849639893,3.8827064037323,4.664156436920166,5.627434253692627,6.737254619598389,2.0574498176574707,2.593566417694092,5082.52197265625,727.386084463082,56.596149213573014,16,1,0:2,1e-06
gat,128,cloud,10,burgers,4,0.001,2127888,medium,0.0059780925512313,0.0225226115435361,0.0518134050071239,0.0934291929006576,0.1445087343454361,0.2015764266252517,0.2630805373191833,0.3290691375732422,0.4002695381641388,0.478288471698761,0.5652285814285278,0.663325846195221,0.7748578190803528,0.9021129012107848,1.0471724271774292,1.2121301889419556,0.8184564709663391,1.0820201635360718,5053.30712890625,726.4775629978554,54.768470032550134,16,1,0:2,1e-06
gat,64,cloud,10,burgers,4,0.001,2127888,high,0.0050175748765468,0.0197275504469871,0.0458307489752769,0.0807432755827903,0.121127650141716,0.1647627204656601,0.2101674526929855,0.2562699317932129,0.3022809624671936,0.3478131294250488,0.3927597999572754,0.4372651875019073,0.4816819727420807,0.5265482068061829,0.5725476741790771,0.6204343438148499,0.5892165303230286,0.7747589349746704,4622.65966796875,1199.414094125047,31.462265269094473,16,1,0:1,1e-06
gat,64,cloud,10,advection,4,0.001,2122760,high,0.0088481502607464,0.0374043025076389,0.0998600646853447,0.1949637681245803,0.3116223812103271,0.4344924986362457,0.554256796836853,0.6667208075523376,0.7699959874153137,0.8627365827560425,0.943471610546112,1.0112457275390625,1.0660089254379272,1.1087366342544556,1.140904664993286,1.16421639919281,0.7909715175628662,1.0760153532028198,4067.40771484375,1179.987972909199,32.68138534455,16,1,0:1,1e-06
gat,128,cloud,10,wave,4,0.001,2127888,low,0.076220229268074,0.2769315242767334,0.5527016520500183,0.8015318512916565,1.1409270763397217,1.6905882358551023,2.3876640796661377,3.0079989433288574,3.7451930046081534,4.623895168304443,5.563169002532959,6.51971960067749,7.508633136749268,8.688556671142578,10.242058753967283,12.332809448242188,2.8256914615631104,3.485030174255371,2544.04052734375,725.3457600386407,20.359627320364055,16,1,0:1,1e-06
gat,128,grid,10,gasdynamics,4,0.001,2138144,medium,0.0618037655949592,0.1424905061721801,0.2867726981639862,0.5313576459884644,0.9504922032356262,1.686699151992798,2.901294231414795,4.897307872772217,7.970279693603516,12.63153839111328,19.435226440429688,29.256851196289062,43.35447311401367,63.57516860961914,92.61553955078124,133.5656280517578,9.085033416748049,11.51577854156494,3753.781494140625,606.9298790715588,9.819759401177249,16,1,10:1,1e-06
gat,128,grid,10,wave,4,0.001,2127888,low,0.0406298600137233,0.154234379529953,0.4402596056461334,1.2454391717910769,2.7856786251068115,4.303554058074951,5.643759727478027,7.884616851806641,11.021594047546388,14.22879409790039,18.07729148864746,23.385692596435547,29.69887351989746,36.25571060180664,42.91825866699219,50.394317626953125,6.287414073944092,7.073719024658203,1869.26171875,263.38979111866837,10.421624240941169,16,1,10:1,1e-06
gat,128,grid,10,advection,4,0.001,2122760,medium,0.0072351521812379,0.0162811558693647,0.0448222905397415,0.0973891839385032,0.177255094051361,0.2803080677986145,0.4010664820671081,0.5439220666885376,0.7231842279434204,0.9718405604362488,1.3401433229446411,1.906294822692871,2.7826168537139893,4.143923759460449,6.237582206726074,9.433361053466797,2.2096948623657227,2.7217342853546143,3749.291259765625,525.8236909616514,10.584927251450845,16,1,10:1,1e-06
gat,128,cloud,10,kuramotosivashinsky,4,0.001,2122760,low,0.2276386767625808,0.6410413980484009,1.065438747406006,1.2909059524536133,1.37428081035614,1.385197639465332,1.3794678449630735,1.3739404678344729,1.368734359741211,1.3658735752105713,1.372800350189209,1.3953553438186646,1.4329887628555298,1.4836817979812622,1.5437976121902466,1.60666823387146,1.0194073915481567,1.26611065864563,2533.0390625,731.3104518303772,17.078859219161117,16,1,0:1,1e-06
gat,64,grid,10,gasdynamics,4,0.001,2138144,high,0.0256516374647617,0.069711335003376,0.1406420469284057,0.2434586584568023,0.3890185058116913,0.5887693166732788,0.8546151518821716,1.1927297115325928,1.6032944917678833,2.0839624404907227,2.631622314453125,3.2438440322875977,3.927318572998047,4.712790489196777,5.679180145263672,6.986940860748291,2.041367530822754,2.6253957748413086,3959.65185546875,507.58948134608033,37.169917755164875,16,1,10:1,1e-06
gat,128,grid,10,burgers,4,0.001,2127888,low,0.0086890514940023,0.028852516785264,0.0607130080461502,0.1060830429196357,0.1678837090730667,0.2548038065433502,0.3788952529430389,0.5510350465774536,0.7758739590644836,1.0486085414886477,1.358338475227356,1.6937586069107056,2.048248291015625,2.421001434326172,2.8121767044067383,3.222231149673462,1.4413727521896362,1.7810988426208496,1874.2025146484373,277.5129225893477,20.337857007139565,16,1,10:1,1e-06
gat,128,grid,10,reactiondiffusion,4,0.001,2127888,low,0.0096292765811085,0.0667118355631828,0.2585223317146301,0.6204627752304077,1.2026768922805786,2.090626716613769,3.3135907649993896,4.936193943023682,7.273635864257812,10.949078559875488,17.31182289123535,29.517093658447266,52.83887481689453,92.99390411376952,156.88040161132812,254.95559692382807,5.156773090362549,15.620660781860352,1872.8624267578125,262.49335505907845,10.621827840703684,16,1,10:1,1e-06
gat,64,grid,10,advection,4,0.001,2122760,high,0.0015161209739744,0.0050683771260082,0.0138232298195362,0.0324831418693065,0.0661184713244438,0.1174094825983047,0.18620166182518,0.269438624382019,0.3622985184192657,0.4593215584754944,0.5557126402854919,0.6478566527366638,0.7337071895599365,0.8126228451728821,0.8851103782653809,0.9525147676467896,0.6836665272712708,0.9679426550865172,3418.072998046875,483.6682113146929,9.664627756125894,16,1,10:1,1e-06
gat,128,cloud,10,gasdynamics,4,0.001,2138144,low,0.1033693477511406,0.2295771539211273,0.3671437501907348,0.508755087852478,0.6473508477210999,0.784949779510498,0.9236171245574952,1.0594656467437744,1.189263105392456,1.315446138381958,1.4443131685256958,1.578949213027954,1.718174934387207,1.859445095062256,2.003135919570923,2.150641918182373,1.159961819648743,1.4651682376861572,2286.481689453125,737.163555151877,19.058394108224388,16,1,0:1,1e-06
gat,128,grid,10,advection,4,0.001,2122760,low,0.0035287234932184,0.0194679554551839,0.0899580717086792,0.1997247189283371,0.3210389018058777,0.4132851064205169,0.5055112838745117,0.5942162275314331,0.6756048202514648,0.7568573355674744,0.8246840834617615,0.8953465223312378,0.956186056137085,1.0133477449417114,1.080888032913208,1.1328771114349363,0.766012966632843,1.0606729984283447,1866.632568359375,282.4990374526136,20.45229006886178,16,1,10:1,1e-06
gat,8,grid,10,gasdynamics,4,0.001,2138144,full,0.0160542447119951,0.0512590669095516,0.1094642654061317,0.1822215467691421,0.2653127312660217,0.3585017025470733,0.463888943195343,0.5848209857940674,0.7257792949676514,0.8924293518066406,1.0908746719360352,1.3265537023544312,1.6048089265823364,1.931857705116272,2.3119313716888428,2.744596242904663,1.2659296989440918,1.6337608098983765,2588.85546875,369.0432402079623,4.664678289642388,16,1,0:1,1e-06
gat,64,cloud,10,reactiondiffusion,4,0.001,2127888,high,0.0116488439962267,0.0586938597261905,0.1938007175922393,0.4041217863559723,0.6419796347618103,0.86408931016922,1.0395426750183103,1.144724726676941,1.1727564334869385,1.1434870958328247,1.0936473608016968,1.0568443536758425,1.0511120557785034,1.0765126943588257,1.1251451969146729,1.1914737224578855,0.8418854475021362,1.0909113883972168,4614.78857421875,1184.9665554026865,39.74085620910172,16,1,0:1,1e-06
gat,128,cloud,10,kuramotosivashinsky,4,0.001,2122760,medium,0.1711376011371612,0.6284371614456177,1.1659488677978516,1.691616415977478,2.0751450061798096,2.2681422233581543,2.2706685066223145,2.252443313598633,2.2261528968811035,2.2234432697296143,2.178192377090454,2.157919883728028,2.1137282848358154,2.1322710514068604,2.1665399074554443,3.91121506690979,1.188074827194214,1.4722760915756226,5049.72607421875,733.5717055376838,109.21378189086904,16,1,0:2,1e-06
gat,128,cloud,10,advection,4,0.001,2122760,low,0.0591670833528041,0.1732262670993805,0.3609974682331085,0.5922487378120422,0.8934236168861389,1.2640161514282229,1.7237519025802612,2.275050640106201,2.921402931213379,3.6502301692962646,4.447664260864258,5.2996602058410645,6.200777530670166,7.149260520935059,8.146060943603516,9.191370010375977,2.714774370193481,3.0195248126983643,2310.427001953125,726.5741112737746,17.543275612130298,16,1,0:1,1e-06
gat,128,grid,10,kuramotosivashinsky,4,0.001,2122760,low,0.0782245323061943,0.5109812021255493,1.24966299533844,1.795569896697998,1.9724371433258057,1.970641016960144,2.018157720565796,2.164462089538574,2.293466806411743,2.3194780349731445,2.3073787689208984,2.3589465618133545,2.476768732070923,2.612792491912842,2.7538821697235107,2.9218966960906982,1.315095067024231,1.7070705890655518,1844.215087890625,260.0946825973209,11.06002973030256,16,1,10:1,1e-06
gat,64,cloud,10,wave,4,0.001,2127888,high,0.0132751576602458,0.0844195857644081,0.2571452856063843,0.4502066969871521,0.5741390585899353,0.7668406367301941,1.0600416660308838,1.2645866870880127,1.4940671920776367,1.6963868141174316,1.8577951192855835,1.9884504079818728,2.110814094543457,2.182046413421631,2.2250936031341557,2.25227427482605,1.1618986129760742,1.5000118017196655,4593.43017578125,1205.2322037344836,34.403217506860415,16,1,0:1,1e-06
gcn,64,cloud,10,gasdynamics,4,0.001,2121228,high,0.1206348314881324,0.2187927514314651,0.3197889626026153,0.4185700416564941,0.5154102444648743,0.6099900603294373,0.7023137211799622,0.793048083782196,0.8835849761962891,0.9762523770332336,1.073674201965332,1.1780962944030762,1.291022777557373,1.4122227430343628,1.5387283563613892,1.6654515266418457,1.0207074880599976,1.2883111238479614,2685.865234375,960.4029065524351,47.41394931777423,16,1,0:1,1e-06
gcn,32,grid,10,burgers,4,0.001,2116102,full,0.0056077018380165,0.0134504586458206,0.0391370058059692,0.0994858369231224,0.2124739289283752,0.3912692368030548,0.6417038440704346,0.9641052484512328,1.3526036739349363,1.7962822914123535,2.2737414836883545,2.7447307109832764,3.1617507934570312,3.501797676086426,3.7752819061279297,4.004446983337402,1.6154570579528809,1.9242196083068848,6175.41259765625,802.1275988566038,2.8969702763557765,16,1,0:1,1e-06
gcn,128,grid,10,gasdynamics,4,0.001,2121228,low,0.210124060511589,0.2718927264213562,0.3911615014076233,0.5597949624061584,0.7687737941741943,0.9888073205947876,1.1911630630493164,1.3809328079223633,1.5592544078826904,1.7306747436523438,1.8942724466323853,2.0477213859558105,2.1914103031158447,2.3166537284851074,2.418221235275269,2.5000643730163574,1.2538937330245972,1.5806505680084229,1353.6907958984375,171.12144581542938,9.353975231762533,16,1,10:1,1e-06
gcn,64,grid,10,kuramotosivashinsky,4,0.001,2113539,high,0.4626577198505401,0.6931917071342468,0.9704132676124572,1.371662139892578,1.9890282154083248,2.775850296020508,3.483386754989624,3.970434427261353,4.265106201171875,4.407529830932617,4.4308061599731445,4.407683849334717,4.394373416900635,4.385507106781006,4.369285583496094,4.356492519378662,1.8512089252471924,2.087209701538086,2065.864013671875,268.4994852768578,9.215706625237551,16,1,10:1,1e-06
gcn,64,cloud,10,kuramotosivashinsky,4,0.001,2113539,high,0.5000149607658386,0.7141750454902649,0.8855425715446472,1.0285186767578125,1.135035753250122,1.2063817977905271,1.247762680053711,1.2672510147094729,1.274574637413025,1.2757208347320557,1.2754687070846558,1.2747972011566162,1.2737979888916016,1.2720046043395996,1.2720731496810913,1.2667901515960691,0.9050669074058532,1.125167727470398,2987.79052734375,964.2671443640065,21.121688149080626,16,1,0:1,1e-06
gcn,128,grid,10,wave,4,0.001,2116102,low,0.0878816619515419,0.1907305717468261,0.3226755261421203,0.4633034467697143,0.6186379194259644,0.8044318556785583,1.0178794860839844,1.2531282901763916,1.4822829961776731,1.6946581602096558,1.889379858970642,2.063384771347046,2.22023868560791,2.3567936420440674,2.484523057937622,2.598866701126098,1.2940289974212646,1.6110377311706543,1347.5247802734375,159.5460114344701,14.120858489115182,16,1,10:1,1e-06
gcn,128,grid,10,wave,4,0.001,2116102,medium,0.0245209746062755,0.0727167725563049,0.181172713637352,0.4391209185123443,0.8082780838012695,1.3661110401153564,2.0537960529327397,3.2073616981506348,3.9842214584350586,4.840866565704346,5.825673580169678,6.670107841491699,6.7647199630737305,7.201006412506104,7.234622478485107,7.349410533905029,2.2462079524993896,2.710181951522827,2618.457275390625,330.70416542893884,14.266538204396346,16,1,10:1,1e-06
gcn,32,grid,10,advection,4,0.001,2113539,full,0.0028056993614882,0.0117544615641236,0.0602423176169395,0.2317554056644439,0.6099497079849243,1.2726651430130005,2.394681215286255,4.270889759063721,7.083539962768555,10.52929401397705,13.70985984802246,15.76223373413086,16.85930061340332,18.01291847229004,19.7006950378418,21.273855209350582,4.1805620193481445,4.598117828369141,6162.892578125,803.3132129079706,3.9076180187016987,16,1,0:1,1e-06
gcn,128,cloud,10,advection,4,0.001,2113539,medium,0.0232616886496543,0.0757759287953376,0.2062506675720214,0.4100326299667358,0.6367064118385315,0.8343702554702759,0.9790865182876588,1.067210078239441,1.1101233959197998,1.1270205974578855,1.133751392364502,1.136909246444702,1.1362080574035645,1.1288275718688965,1.1144176721572876,1.0965043306350708,0.7808087468147278,1.046869158744812,3145.94775390625,428.970594219133,158.4215417097206,16,1,0:2,1e-06
gcn,128,grid,10,reactiondiffusion,4,0.001,2116102,low,0.4959447979927063,0.6037099361419678,0.7323138117790222,0.8535785675048828,0.9508887529373168,1.026026487350464,1.0901525020599363,1.1599475145339966,1.232763648033142,1.3027955293655396,1.3662580251693726,1.4195586442947388,1.4670264720916748,1.5064465999603271,1.6625815629959106,1.6513081789016724,1.0045361518859863,1.2734555006027222,1315.86474609375,157.9655363273348,12.501237125513684,16,1,10:1,1e-06
gcn,128,cloud,10,kuramotosivashinsky,4,0.001,2113539,medium,0.5519984364509583,0.7641487717628479,1.0385425090789795,1.3466933965682983,1.6030353307724,1.7585854530334473,1.8329066038131716,1.8811140060424805,1.942376732826233,2.02901554107666,2.145793199539185,2.3027193546295166,2.533489942550659,2.881748914718628,3.5660340785980225,5.396125316619873,1.477626085281372,2.1129093170166016,3083.90087890625,425.8084603103937,154.90686287208854,16,1,0:2,1e-06
gcn,128,cloud,10,wave,4,0.001,2116102,medium,0.0596713535487651,0.1741781234741211,0.3512359857559204,0.5506169199943542,0.806757926940918,1.155871033668518,1.5623962879180908,2.0239644050598145,2.548518419265747,3.063899040222168,3.5755975246429443,4.258049488067627,5.394615173339844,7.210925102233887,10.186527252197266,15.65329933166504,2.929652214050293,3.854306936264038,3092.344970703125,412.1961909275429,53.07402297861837,16,1,0:2,1e-06
gcn,64,cloud,10,burgers,4,0.001,2116102,high,0.0295416936278343,0.0622268132865428,0.1159519255161285,0.1835770457983017,0.2604410350322723,0.3424517810344696,0.4273580312728882,0.5125336647033691,0.59502774477005,0.6718562245368958,0.7411982417106628,0.8021455407142639,0.8548172116279602,0.8998734354972839,0.9384186863899232,0.9714959859848022,0.7565405964851379,0.9754902720451356,2729.673583984375,960.1583736778958,28.64820957541852,16,1,0:1,1e-06
gcn,128,grid,10,kuramotosivashinsky,4,0.001,2113539,medium,0.5343515872955322,0.6821866631507874,0.8409842848777771,1.0415072441101074,1.339580535888672,1.9001004695892332,2.961395502090454,4.489619255065918,6.572215557098389,8.999762535095215,11.806286811828612,17.000455856323242,29.392318725585938,54.5026969909668,123.78848266601562,311.44970703125,6.011710166931152,15.519786834716797,2328.01708984375,298.72875925210803,16.714553722606528,16,1,10:1,1e-06
gcn,32,grid,10,gasdynamics,4,0.001,2121228,full,0.0260495822876691,0.0731886327266693,0.1721291691064834,0.3471904397010803,0.6346411108970642,1.0954768657684326,1.8325848579406736,3.025583028793335,5.008131980895996,8.398497581481934,14.113093376159668,22.74790573120117,33.76841735839844,46.92644500732422,64.99844360351562,94.70436096191406,6.657935619354248,9.414834022521973,6183.185546875,808.6331334044044,5.097949078371474,16,1,0:1,1e-06
gcn,128,cloud,10,gasdynamics,4,0.001,2121228,low,0.3006501793861389,0.434840440750122,0.5436346530914307,0.643979549407959,0.7402750849723816,0.8324057459831238,0.9183290600776672,0.9980006217956544,1.075325846672058,1.1555708646774292,1.2404879331588743,1.3265739679336548,1.4053778648376465,1.4690704345703125,1.5125491619110107,1.537137150764465,0.9895926117897034,1.2396328449249268,1742.737548828125,616.7133127603911,10.880595357766868,16,1,0:1,1e-06
gcn,128,cloud,10,gasdynamics,4,0.001,2121228,medium,0.1696541607379913,0.2855935990810394,0.4242021441459656,0.5789519548416138,0.7441377639770508,0.930651843547821,1.1604310274124146,1.4525970220565796,1.828256368637085,2.318671226501465,2.9688940048217773,3.8764007091522217,5.168789863586426,7.078384399414063,9.888422012329102,14.05124855041504,2.6243607997894287,3.7076900005340576,3096.712890625,437.354975083295,188.43785751472768,16,1,0:2,1e-06
gcn,64,cloud,10,wave,4,0.001,2116102,high,0.0382134243845939,0.1324291676282882,0.2729957401752472,0.4023664593696594,0.5265100598335266,0.6559849977493286,0.7818679809570312,0.8940298557281494,0.994685173034668,1.0858148336410522,1.1646145582199097,1.2286145687103271,1.2767492532730105,1.31178081035614,1.3363593816757202,1.3529351949691772,0.9258000254631042,1.1625300645828247,2710.9755859375,949.6913833563863,16.906926483183955,16,1,0:1,1e-06
gcn,128,cloud,10,reactiondiffusion,4,0.001,2116102,medium,0.3245673477649688,0.4431497156620025,0.5996861457824707,0.7652541995048523,0.9065768122673036,1.001112937927246,1.0637608766555786,1.1196086406707764,1.1863676309585571,1.266845941543579,1.3606688976287842,1.4697271585464478,1.5916616916656494,1.7125664949417114,1.825631022453308,1.9117802381515503,1.0776382684707642,1.3789355754852295,3083.388427734375,409.1852787990196,49.914396969121704,16,1,0:2,1e-06
gcn,128,cloud,10,burgers,4,0.001,2116102,low,0.1437125205993652,0.2321860343217849,0.3545698821544647,0.4959524273872375,0.6352051496505737,0.7670449614524841,0.8745616674423218,0.954493284225464,1.009365200996399,1.0465891361236572,1.0712114572525024,1.0877517461776731,1.0987651348114014,1.109702229499817,1.1130999326705933,1.121262788772583,0.8784034848213196,1.057851791381836,1788.297119140625,613.5413528041119,14.23665877611124,16,1,0:1,1e-06
gcn,128,grid,10,reactiondiffusion,4,0.001,2116102,medium,0.2895764410495758,0.3607692718505859,0.4509979784488678,0.5564130544662476,0.6701799631118774,0.7799345850944519,0.8806844353675842,0.9692537784576416,1.0421127080917358,1.097330927848816,1.1342558860778809,1.1555391550064087,1.1654621362686155,1.167535662651062,1.1644290685653689,1.158454179763794,0.8626951575279236,1.0761409997940063,2650.810302734375,335.06190746093245,6.997284497993553,16,1,10:1,1e-06
gcn,64,grid,10,burgers,4,0.001,2116102,high,0.0140201169997453,0.0211069323122501,0.0362675972282886,0.0617929138243198,0.0995458140969276,0.1527224034070968,0.2246901392936706,0.3190319240093231,0.4355721175670624,0.5682286620140076,0.7142687439918518,0.8805253505706787,1.0554229021072388,1.2270880937576294,1.391445875167847,1.5416871309280396,0.9688733816146852,1.2097177505493164,2067.867431640625,261.82533205369555,7.498645639398683,16,1,10:1,1e-06
gcn,128,grid,10,advection,4,0.001,2113539,medium,0.0180850867182016,0.0719942450523376,0.2393258213996887,0.6263514757156372,1.4240050315856934,2.7152891159057617,4.750890731811523,7.601478576660156,11.227556228637695,15.375799179077148,19.68433380126953,23.88023567199707,28.04973602294922,32.025177001953125,35.63129806518555,39.552364349365234,5.330062389373779,6.119532108306885,2325.4423828125,293.86112893990816,3.4269050326066104,16,1,10:1,1e-06
gcn,128,grid,10,burgers,4,0.001,2116102,medium,0.0331974141299724,0.0504983104765415,0.0833138301968574,0.1368028223514557,0.2086330503225326,0.2985751032829284,0.4102755486965179,0.5476359724998474,0.723608672618866,0.9391252398490906,1.177477240562439,1.4349923133850098,1.7285799980163574,2.1063756942749023,2.733888626098633,4.371593475341797,1.2225385904312134,1.7119979858398438,2327.477294921875,295.4660491764917,14.603007044147487,16,1,10:1,1e-06
gcn,32,grid,10,kuramotosivashinsky,4,0.001,2113539,full,0.0541134476661682,0.1695724427700042,0.3718412518501282,0.6547970771789551,0.998609185218811,1.3731096982955933,1.7495079040527344,2.1118295192718506,2.452366828918457,2.761549234390259,3.0253005027771,3.263763666152954,3.4720325469970703,3.657902479171753,4.203937530517578,12.437383651733398,1.6331884860992432,2.0516178607940674,6175.9697265625,803.8630808803939,3.359605340467206,16,1,0:1,1e-06
gcn,128,cloud,10,advection,4,0.001,2113539,low,0.0942704975605011,0.2641516327857971,0.530434250831604,0.8237385749816895,1.0954035520553589,1.312101125717163,1.47063148021698,1.5750041007995603,1.6356297731399536,1.664438009262085,1.6739381551742554,1.6710901260375977,1.6632168292999268,1.654062271118164,1.6461758613586426,1.642040133476257,0.9820828437805176,1.280704379081726,1749.222900390625,617.9709193700991,18.35498535407723,16,1,0:1,1e-06
gcn,128,grid,10,gasdynamics,4,0.001,2121228,medium,0.1300343573093414,0.2111361026763916,0.3151084184646606,0.4552994966506958,0.6442536115646362,0.8833857178688049,1.1902642250061035,1.5948188304901123,2.129166841506958,2.7936840057373047,3.5597658157348637,4.4327073097229,5.46929931640625,6.808032989501953,8.575252532958984,10.824491500854492,2.4393770694732666,3.2616608142852783,2324.599609375,296.4823108453017,14.367993237098982,16,1,10:1,1e-06
gcn,64,cloud,10,reactiondiffusion,4,0.001,2116102,high,0.2744497656822204,0.4029881954193115,0.5554543733596802,0.6888003945350647,0.7864916920661926,0.8520758748054504,0.8942646980285645,0.9251996874809264,0.9529722929000854,0.9761244058609008,0.9902682900428772,0.9988763928413392,1.0055993795394895,1.010531663894653,1.013886570930481,1.0164674520492554,0.8094131350517273,1.00810706615448,2688.6298828125,954.9626131791715,16.26492219165196,16,1,0:1,1e-06
gcn,64,grid,10,gasdynamics,4,0.001,2121228,high,0.0710704028606414,0.1242611184716224,0.2024739384651184,0.3109577000141144,0.4575601816177368,0.648440420627594,0.8996657729148865,1.2401586771011353,1.7166982889175415,2.3883135318756104,3.3004515171051025,4.403823375701904,5.494443893432617,6.422483444213867,7.162057876586914,7.803164005279541,2.2748053073883057,2.7893223762512207,2073.13330078125,263.9075255270985,8.548398164268336,16,1,10:1,1e-06
gcn,128,grid,10,burgers,4,0.001,2116102,low,0.0709898173809051,0.1028749793767929,0.1822288334369659,0.3730840384960174,0.6742000579833984,1.1014951467514038,1.6713911294937134,2.436043739318848,3.8319203853607178,6.114925861358643,9.700040817260742,17.314376831054688,29.85601043701172,68.60804748535156,204.73941040039065,444.6094970703125,8.89511489868164,18.190290451049805,1162.63330078125,159.9097689189797,12.451626752243369,16,1,10:1,1e-06
gcn,128,cloud,10,kuramotosivashinsky,4,0.001,2113539,low,0.6570189595222473,0.8160947561264038,0.9547200202941896,1.05800461769104,1.118113398551941,1.1408805847167969,1.144825100898743,1.1449428796768188,1.1479231119155884,1.154834866523743,1.1637787818908691,1.172522783279419,1.1795167922973633,1.1848148107528689,1.1890186071395874,1.1926909685134888,0.8828745484352112,1.0920084714889526,1749.722412109375,618.0598905645596,13.755849259923414,16,1,0:1,1e-06
gcn,64,cloud,10,advection,4,0.001,2113539,high,0.0145077444612979,0.0724613666534423,0.2526640594005584,0.5989457964897156,1.0378222465515137,1.4264044761657717,1.6737555265426636,1.784216046333313,1.8141710758209229,1.818161368370056,1.8279120922088623,1.8524885177612305,1.8892676830291748,1.9341251850128172,1.981858849525452,2.029106855392456,1.065383791923523,1.4116723537445068,2994.1376953125,963.1041945171103,19.69905730709875,16,1,0:1,1e-06
gcn,128,grid,10,advection,4,0.001,2113539,low,0.0283231884241104,0.2032053768634796,0.8760524392127991,1.4652321338653564,2.1709063053131104,2.86690092086792,3.809014081954956,4.768533706665039,6.620258808135986,7.555038928985596,9.562442779541016,13.165933609008787,17.56662940979004,21.048547744750977,25.946983337402344,32.925323486328125,3.615483283996582,5.532271385192871,1195.278076171875,161.33407683486385,12.125146964149096,16,1,10:1,1e-06
gcn,128,cloud,10,burgers,4,0.001,2116102,medium,0.0558409616351127,0.1258459240198135,0.2445082664489746,0.4005231261253357,0.5802211165428162,0.764197051525116,0.9233249425888062,1.043895244598389,1.1317588090896606,1.2020363807678225,1.2716686725616455,1.3523095846176147,1.4471174478530884,1.563105225563049,1.6888326406478882,1.8191075325012207,1.0303069353103638,1.3071722984313965,3150.5380859375,437.17102230296416,188.8867930186485,16,1,0:2,1e-06
gcn,64,grid,10,wave,4,0.001,2116102,high,0.0120386062189936,0.0685455203056335,0.3012616634368896,1.006691813468933,1.376783013343811,1.6524560451507568,1.9405149221420288,2.9843175411224365,4.418025016784668,4.644560813903809,4.864128589630127,5.893215179443359,8.413830757141113,8.832122802734375,9.547680854797363,9.679290771484377,2.379755973815918,3.0982537269592285,2068.032470703125,259.95812253349123,7.575350977896486,16,1,10:1,1e-06
gcn,128,grid,10,kuramotosivashinsky,4,0.001,2113539,low,0.6837974190711975,0.7849050760269165,0.92019385099411,1.0730900764465332,1.2324073314666748,1.375092387199402,1.4792962074279783,1.538405418395996,1.559915542602539,1.5479329824447632,1.5098848342895508,1.4753865003585815,1.4656115770339966,1.485519289970398,1.528683066368103,1.5810171365737915,1.018097162246704,1.2572612762451172,1164.01513671875,159.28669610968998,14.254944644597463,16,1,10:1,1e-06
gcn,32,grid,10,wave,4,0.001,2116102,full,0.0097101302817463,0.0737993717193603,0.2019145786762237,0.3172473609447479,0.4503229260444641,0.7353392839431763,1.120902180671692,1.463428020477295,1.8650219440460205,2.4982190132141118,3.4068028926849365,4.479000568389893,5.722098350524902,7.3643083572387695,9.78644561767578,13.19857692718506,2.7830750942230225,3.6015493869781494,6180.92919921875,803.2319030255677,3.3082628843543422,16,1,0:1,1e-06
gcn,128,cloud,10,reactiondiffusion,4,0.001,2116102,low,0.6811502575874329,0.8129780888557434,0.919794738292694,0.9722065329551696,0.9947322010993958,1.0033200979232788,1.0065492391586304,1.0079939365386963,1.0089763402938845,1.0096664428710938,1.009994387626648,1.0099949836730957,1.0097272396087646,1.0092594623565674,1.0086073875427246,1.0077718496322632,0.8055599331855774,1.0034801959991455,1590.6124267578125,611.8197906764862,13.728457889319339,16,1,0:1,1e-06
gcn,32,grid,10,reactiondiffusion,4,0.001,2116102,full,0.0656653270125389,0.0903681069612503,0.1332902610301971,0.1940278112888336,0.2717443704605102,0.343391090631485,0.393681913614273,0.4257387518882751,0.4430847764015198,0.4533058404922485,0.4664338827133178,0.4855489730834961,0.5147645473480225,0.558110773563385,0.6062591671943665,0.6530318260192871,0.6321070194244385,0.8040526509284973,6186.53125,804.9333529945786,3.2150332948185887,16,1,0:1,1e-06
gcn,128,cloud,10,wave,4,0.001,2116102,low,0.2307645678520202,0.4304434955120086,0.6216342449188232,0.7721585631370544,0.8762185573577881,0.9632683992385864,1.0404635667800903,1.1018375158309937,1.1459232568740845,1.175073504447937,1.1932272911071775,1.2075453996658323,1.220403075218201,1.2334250211715698,1.2459381818771362,1.2584314346313477,0.8974267840385437,1.1214441061019895,1754.2197265625,606.5745889461303,11.534318822048522,16,1,0:1,1e-06
gcn,64,grid,10,reactiondiffusion,4,0.001,2116102,high,0.1968758106231689,0.2602124512195587,0.3502126038074493,0.4605353772640228,0.5810368061065674,0.6867227554321289,0.7645788192749023,0.8158634901046753,0.8510136604309082,0.8841586709022522,0.9240716099739076,0.972691297531128,1.030665636062622,1.095482349395752,1.15543532371521,1.193932056427002,0.8579092621803284,1.0903866291046145,2076.220947265625,295.9416673913212,7.06885804031529,16,1,10:1,1e-06
gcn,64,grid,10,advection,4,0.001,2113539,high,0.0042288498952984,0.0124210435897111,0.046499453485012,0.1516596674919128,0.4128369987010956,0.8169626593589783,1.135751247406006,1.4372546672821045,1.7505112886428833,2.110288381576538,2.4993624687194824,2.8963215351104736,3.283817768096924,3.644577980041504,3.985654830932617,4.3191680908203125,1.68514883518219,2.0482449531555176,2068.72216796875,262.1925456000152,7.582420904894326,16,1,10:1,1e-06
geo_fno,8,grid,10,gasdynamics,4,0.001,2708550,full,0.0448285713791847,0.0722295194864273,0.1009995192289352,0.1295696943998336,0.158518448472023,0.1884179264307022,0.2195657640695572,0.2517296969890594,0.2845715284347534,0.3179872632026672,0.3509977161884308,0.3842146396636963,0.4175569117069244,0.4509820938110351,0.4851593375205993,0.5195428133010864,0.535385012626648,0.7126085758209229,93.03753662109376,17.040846061706542,0.6127181668619321,16,1,0:1,1e-06
geo_fno,8,grid,10,kuramotosivashinsky,4,0.001,2707395,full,0.0251230280846357,0.0754134729504585,0.1908051818609237,0.3801170885562897,0.6180869340896606,0.8607226014137268,1.075627088546753,1.2565044164657593,1.4101223945617676,1.54060161113739,1.647369384765625,1.7305206060409546,1.7937705516815186,1.8426191806793213,1.881702780723572,1.9138191938400269,1.1109825372695925,1.3818784952163696,92.12061309814452,16.751037254333497,0.311380444989134,16,1,0:1,1e-06
geo_fno,8,grid,10,burgers,4,0.001,2707780,full,0.0004623001441359,0.001502844854258,0.0043270518071949,0.0097747994586825,0.0184249058365821,0.0305824987590312,0.0463220439851284,0.0655612796545028,0.088124431669712,0.113789290189743,0.1423247009515762,0.1734837144613266,0.206997275352478,0.2425789833068847,0.2799029350280761,0.3186075389385223,0.4121844172477722,0.5419949293136597,92.48834991455078,16.7100549697876,0.3038598642060427,16,1,0:1,1e-06
geo_fno,64,grid,10,gasdynamics,4,0.001,2708550,high,0.0715328454971313,0.1069187074899673,0.1403877288103103,0.1722500175237655,0.204156145453453,0.2372879087924957,0.271725445985794,0.3074712753295898,0.3443851768970489,0.3821929395198822,0.4207768738269806,0.4595384299755096,0.4991601109504699,0.5459505915641785,0.982642412185669,38.57086944580078,0.6043436527252197,0.929844617843628,82.97891998291016,17.71782424874213,2.711133845471302,16,1,10:1,1e-06
geo_fno,128,grid,10,reactiondiffusion,4,0.001,2707780,medium,0.0754292532801628,0.079385757446289,0.0970893502235412,0.1376188695430755,0.2015532851219177,0.2770602107048034,0.3455973863601684,0.3945161402225494,0.4254720509052276,0.44983571767807,0.4790680408477783,0.5211536884307861,0.5811437368392944,0.6598892211914062,0.7517023682594299,0.8441302180290222,0.7122010588645935,0.916946828365326,97.55626678466795,18.62969858532388,1.058649671548939,16,1,10:1,1e-06
geo_fno,64,grid,10,advection,4,0.001,2707395,high,0.0034192360471934,0.0053771715611219,0.0083509190008044,0.0102156214416027,0.0104094622656703,0.0100749703124165,0.0119990352541208,0.0202906429767608,0.0371778942644596,0.059983804821968,0.0877483859658241,0.1252262741327285,0.1854008883237838,0.3033446371555328,0.531906008720398,0.8623096942901611,0.7417463064193726,0.9224472641944884,83.60136413574219,17.898404363179004,2.109653347667975,16,1,10:1,1e-06
geo_fno,128,grid,10,kuramotosivashinsky,4,0.001,2707395,medium,0.2526916563510895,0.4564405977725982,0.787628173828125,1.1032285690307615,1.3351457118988037,1.491001844406128,1.6067421436309814,1.7045471668243408,1.78590726852417,1.844623327255249,1.879902482032776,1.8973749876022337,1.9047094583511357,1.9073495864868164,1.9083938598632808,1.908608317375183,1.1064629554748535,1.3814833164215088,89.35946655273438,18.310514996800254,1.5200317990295238,16,1,10:1,1e-06
geo_fno,128,cloud,10,burgers,4,0.001,2707780,low,0.0033785954583436,0.0093823755159974,0.0180820897221565,0.0296318680047988,0.0444667264819145,0.0626873075962066,0.083977535367012,0.1078615337610244,0.1339037120342254,0.1615505814552307,0.1903645545244217,0.2200070023536682,0.2500902116298675,0.2802514433860779,0.3099786043167114,0.3390061855316162,0.4027231633663177,0.560971736907959,68.12777709960938,17.57600897284159,0.9823770736859725,16,1,0:1,1e-06
geo_fno,128,cloud,10,burgers,4,0.001,2707780,medium,0.0027300314977765,0.0069936625659465,0.0133318034932017,0.0217010248452425,0.0326553620398044,0.0464141815900802,0.0628025382757186,0.0814568400382995,0.1020991280674934,0.124444842338562,0.1481562852859497,0.1728101521730423,0.1980060338973999,0.2234683036804199,0.2488239854574203,0.2737991213798523,0.3488893210887909,0.5053761601448059,190.68023681640625,37.850208132874734,44.356846287524945,16,1,0:1,1e-06
geo_fno,64,grid,10,wave,4,0.001,2707780,high,0.0002575875259935,0.0008108999463729,0.0014208977809175,0.0020162854343652,0.0026236036792397,0.0032634586095809,0.0039279735647141,0.0045948098413646,0.0052557424642145,0.0059363599866628,0.0066810362040996,0.0074950801208615,0.0083299651741981,0.0091362688690423,0.0099156545475125,0.0107298083603382,0.0805651471018791,0.103298969566822,88.00062561035156,17.15549973875805,1.5056810820111317,16,1,10:1,1e-06
geo_fno,128,cloud,10,gasdynamics,4,0.001,2708550,medium,0.0318560227751731,0.0436120852828025,0.0538161471486091,0.0650807470083236,0.0772757157683372,0.0903096348047256,0.1037750244140625,0.1177899241447448,0.1323606073856353,0.1474863588809967,0.1631609052419662,0.1794753074645996,0.1965292096138,0.2142551690340042,0.2325250953435897,0.251308262348175,0.3530942499637604,0.4934642016887665,179.8381805419922,41.0381134631587,80.5158365305259,16,1,0:1,1e-06
geo_fno,64,cloud,10,advection,4,0.001,2707395,high,0.0004775397246703,0.0010007271775975,0.0013526309048756,0.0015060910955071,0.0016093800077214,0.0020252012182027,0.0027891939971596,0.0033752850722521,0.0036653028801083,0.0037435467820614,0.004078924190253,0.0048828180879354,0.0055629150010645,0.0060355924069881,0.0061367810703814,0.0064411452040076,0.0634908080101013,0.0797725990414619,85.96298217773438,16.834045418149493,1.6457025402659398,16,1,0:1,1e-06
geo_fno,128,grid,10,gasdynamics,4,0.001,2708550,medium,0.083872802555561,0.1317810416221618,0.1778581589460373,0.2146140933036804,0.2431712597608566,0.2673568725585937,0.2903770208358764,0.313589870929718,0.3370416462421417,0.3609694242477417,0.3857274651527405,0.4109298288822174,0.4366995990276336,0.4633069634437561,0.4895175993442535,0.5147969126701355,0.5474757552146912,0.7145978808403015,98.73772430419922,19.894949470141327,2.0608463062740827,16,1,10:1,1e-06
geo_fno,64,cloud,10,reactiondiffusion,4,0.001,2707780,high,0.145815834403038,0.2277612686157226,0.3784042298793793,0.6045043468475342,0.8506990671157837,1.096718430519104,3.057108163833618,204.91465759277344,17379.146484375,1185798.0,75389616.0,4593796096.0,253941923840.0,12019413549056.0,644825451855872.0,5.070311542646374e+16,1857265.375,13293299.0,85.15469360351562,16.576523974085713,1.5577518171735982,16,1,0:1,1e-06
geo_fno,128,cloud,10,kuramotosivashinsky,4,0.001,2707395,medium,0.1317083239555359,0.4970422089099884,1.0094032287597656,1.4394476413726809,1.7770026922225952,3.2694993019104004,42.6325798034668,863.2476196289062,8989.9853515625,95693.171875,1423101.375,17776932.0,334918848.0,5833339392.0,96137297920.0,1179115847680.0,6996.2548828125,66608.2734375,176.15660095214844,58.49092274086148,201.1215136097875,16,1,0:1,1e-06
geo_fno,128,grid,10,kuramotosivashinsky,4,0.001,2707395,low,0.0102748684585094,0.086568035185337,0.2763110399246216,0.567965567111969,0.9016878604888916,1.207874059677124,1.4516420364379885,1.7237168550491333,3.061281204223633,40.43739700317383,313.0193786621094,21120.634765625,123477.9140625,8388586.5,45950212.0,3652793088.0,532.65087890625,3368.366455078125,60.73487854003906,20.06593736405184,4.155420787430753,16,1,10:1,1e-06
geo_fno,128,cloud,10,reactiondiffusion,4,0.001,2707780,low,0.1292512416839599,0.2472276538610458,0.4525090456008911,0.7127985954284668,0.9989336133003236,1.2933673858642578,1.726379156112671,3.113067388534546,11.32666301727295,100.63094329833984,1897.1519775390625,37678.24609375,810865.5625,16776710.0,367858432.0,9798973440.0,899.1691284179688,6937.18017578125,70.21749877929688,17.764423258277333,3.0850381041820305,16,1,0:1,1e-06
geo_fno,128,cloud,10,gasdynamics,4,0.001,2708550,low,0.020308980718255,0.0299259591847658,0.0394117049872875,0.0506115369498729,0.0623770728707313,0.0745751038193702,0.0873800292611122,0.1007493361830711,0.1146373227238655,0.1291134059429168,0.144102081656456,0.1601598411798477,0.177338570356369,0.1949626952409744,0.2496309727430343,11.913283348083496,0.3361530005931854,0.5598838925361633,63.34906005859375,16.723443562969596,2.86804315057319,16,1,0:1,1e-06
geo_fno,128,cloud,10,advection,4,0.001,2707395,low,0.0002430036838632,0.0006787204183638,0.0010137949138879,0.0013085138052701,0.0016640803078189,0.0020030825398862,0.002353178570047,0.002735296729952,0.0030775263439863,0.0034167908597737,0.0037924302741885,0.0041339481249451,0.0044677052646875,0.0048378529027104,0.0051598297432065,0.0054754903540015,0.0553318746387958,0.0729593783617019,67.1984634399414,18.03441434729372,1.4823969601825455,16,1,0:1,1e-06
geo_fno,128,grid,10,burgers,4,0.001,2707780,low,0.0016599062364548,0.004257081542164,0.0086866943165659,0.0161469168961048,0.0266784001141786,0.0402706786990165,0.0567010529339313,0.075670301914215,0.0968576818704605,0.1199094578623771,0.1445649415254593,0.1704200357198715,0.1970293819904327,0.2240279167890548,0.2511643469333648,0.2781356573104858,0.3558968603610992,0.5141041874885559,57.53095245361328,18.32714396987784,2.4859703337485293,16,1,10:1,1e-06
geo_fno,128,cloud,10,advection,4,0.001,2707395,medium,0.0003086095093749,0.0008271042606793,0.0013125973055139,0.0016990785952657,0.0021207737736403,0.0025654314085841,0.0031040702015161,0.003665099851787,0.0041631534695625,0.0046339868567883,0.0051432289183139,0.005671642255038,0.0062191821634769,0.0067641227506101,0.0072724879719316,0.0078061632812023,0.0677583366632461,0.0874105021357536,187.1735382080078,80.67201154372272,350.3128376933846,16,1,0:1,1e-06
geo_fno,128,grid,10,burgers,4,0.001,2707780,medium,0.0016019364120438,0.0035627847537398,0.0071782791055738,0.0127573702484369,0.0200867857784032,0.0294025130569934,0.0408364720642566,0.0544353425502777,0.0702099055051803,0.0880801454186439,0.1079111099243164,0.1295218616724014,0.1527060866355896,0.1772277057170868,0.2028190642595291,0.2292193472385406,0.3331960141658783,0.4706049859523773,99.06134033203124,19.524581797529407,1.9415540033406629,16,1,10:1,1e-06
geo_fno,128,grid,10,advection,4,0.001,2707395,low,6.470362859545276e-05,0.0001306130288867,0.0002069968177238,0.0002611408999655,0.0003120996989309,0.0003852096851915,0.0004811663238797,0.0005819713696837,0.0006751222535967,0.0007648248574696,0.0008615585975348,0.0009684125543572,0.0010786416241899,0.0011863416293635,0.0012926148483529,0.0014024236006662,0.0297895558178424,0.0372512191534042,59.55917739868164,18.592143545403548,3.2342996015524514,16,1,10:1,1e-06
geo_fno,64,grid,10,reactiondiffusion,4,0.001,2707780,high,0.0842962935566902,0.0912415832281112,0.1174844950437545,0.1672630161046981,0.2323527187108993,0.3011108636856079,0.3645810484886169,0.4154776334762573,0.4486365020275116,0.4672114551067352,1.0511192083358765,21.599346160888672,1131.902587890625,47220.84375,3319975.5,319134592.0,34.712764739990234,335.75860595703125,89.33062744140625,17.95176492212313,1.6428413790484289,16,1,10:1,1e-06
geo_fno,64,grid,10,burgers,4,0.001,2707780,high,0.0017213156679645,0.0034342044964432,0.0067280493676662,0.0117657408118247,0.0183579195290803,0.0266729313880205,0.0366641394793987,0.0483395531773567,0.0617484636604785,0.0768577605485916,0.0936030149459838,0.111928679049015,0.1317228972911834,0.1528915762901306,0.1753266155719757,0.1989206969738006,0.2824514210224151,0.4174654483795166,83.94397735595703,17.86565571941678,2.6796843032510855,16,1,10:1,1e-06
geo_fno,8,grid,10,reactiondiffusion,4,0.001,2707780,full,0.08713199198246,0.0854573026299476,0.0883588194847107,0.100022479891777,0.1235910877585411,0.1578757166862487,0.19582599401474,0.2280967980623245,0.2486943900585174,0.2580793499946594,0.2621666491031647,0.2679570913314819,0.2798550426959991,0.2995288372039795,0.3270884156227112,0.3610154390335083,0.456413596868515,0.5827115178108215,93.08544158935548,16.910638694763183,0.4806388745128137,16,1,0:1,1e-06
geo_fno,128,cloud,10,kuramotosivashinsky,4,0.001,2707395,low,0.1165400817990303,0.4936344921588897,1.0458102226257324,1.549662470817566,1.9197697639465328,2.354943037033081,3.749902009963989,10.06764030456543,38.05144500732422,148.65716552734375,478.2054138183594,1285.4716796875,4527.1123046875,15362.7373046875,52706.89453125,245418.65625,13.730289459228516,82.06312561035156,60.88075637817383,16.493195515796696,2.4565791404481043,16,1,0:1,1e-06
geo_fno,128,cloud,10,wave,4,0.001,2707780,low,0.0014139531413093,0.0052073244005441,0.0100793596357107,0.0144010810181498,0.0178702808916568,0.0213002506643533,0.0251743085682392,0.0293564647436141,0.0336437858641147,0.0379443578422069,0.042217843234539,0.0464261882007122,0.0505828149616718,0.0545782744884491,0.0585547089576721,0.062876783311367,0.191921517252922,0.2497643381357193,58.04973220825195,17.40139660379247,2.800163905797578,16,1,0:1,1e-06
geo_fno,8,grid,10,wave,4,0.001,2707780,full,0.0002590535441413,0.0010513197630643,0.002095628529787,0.0030384957790374,0.0038433286827057,0.0046427943743765,0.0054765404202044,0.0063418047502636,0.0072732982225716,0.0082730017602443,0.0092850243672728,0.0102753983810544,0.0112900203093886,0.0123159633949399,0.0133248716592788,0.0143969757482409,0.0915491208434104,0.1186012402176857,92.99004364013672,16.71532039642334,0.40358057191924984,16,1,0:1,1e-06
geo_fno,128,grid,10,wave,4,0.001,2707780,medium,0.000270817632554,0.0008437209180556,0.0015353144844993,0.0021963866893202,0.0028084458317607,0.0034098329488188,0.0040402519516646,0.0047166272997856,0.0054405825212597,0.0061902566812932,0.0069483295083045,0.0077094994485378,0.0084761017933487,0.009234469383955,0.0099876513704657,0.0108123617246747,0.0796681270003318,0.1038315519690513,98.0980987548828,19.086803042219483,1.2533924092836544,16,1,10:1,1e-06
geo_fno,128,grid,10,reactiondiffusion,4,0.001,2707780,low,0.0006165237282402,0.0060474094934761,0.0255773309618234,0.0680886581540107,0.1341958343982696,0.2136165648698806,0.288585901260376,0.3432547748088836,0.3754597306251526,0.3963205218315124,0.4179787039756775,0.4451678693294525,0.4786273539066314,0.5184410810470581,0.5627904534339905,0.6093282699584961,0.5710106492042542,0.7740101218223572,68.60478210449219,18.283200514043937,3.7929297746277983,16,1,10:1,1e-06
geo_fno,128,cloud,10,wave,4,0.001,2707780,medium,0.000751964689698,0.002598681487143,0.0048218523152172,0.0068420115858316,0.0087024988606572,0.0106077454984188,0.0126896351575851,0.0149531839415431,0.0173281487077474,0.0197240803390741,0.0221012476831674,0.0244022626429796,0.0266133323311805,0.0287597365677356,0.0308030303567647,0.0328969843685627,0.1382667124271392,0.1807695478200912,187.50564575195312,36.11572912627575,39.34161554941791,16,1,0:1,1e-06
geo_fno,64,cloud,10,wave,4,0.001,2707780,high,0.0011498198146,0.004028488881886,0.0075800879858434,0.0108830910176038,0.0139219248667359,0.0169846210628747,0.0202773883938789,0.0237799007445573,0.0273606404662132,0.0309804491698741,0.0346967428922653,0.0384339243173599,0.0420966893434524,0.0457193776965141,0.0494574382901191,0.0535814948379993,0.1770855188369751,0.2306397408246994,85.61589050292969,16.443132317544084,1.47695508019094,16,1,0:1,1e-06
geo_fno,128,grid,10,advection,4,0.001,2707395,medium,4.698705743066967e-05,8.778673509368673e-05,0.0001336400018772,0.0001551250752527,0.0001548618893139,0.0001782837498467,0.0002368714194744,0.0003134260186925,0.0003667581186164,0.00038170532207,0.0003827440086752,0.0004190365725662,0.0005024080746807,0.0005916114896535,0.0006352839409373,0.000634393945802,0.020170222967863,0.0250351056456565,93.1431121826172,19.201380736862546,2.2206445947872835,16,1,10:1,1e-06
geo_fno,64,cloud,10,kuramotosivashinsky,4,0.001,2707395,high,0.1238192468881607,0.460488885641098,0.9506226181983948,1.3302158117294312,1.5696245431900024,1.734500527381897,1.8588365316390991,1.9393497705459597,1.977220177650452,2.0017805099487305,2.0325093269348145,2.063901901245117,2.0949339866638184,2.223400354385376,3.181627035140991,10.774984359741213,1.175119161605835,1.5563734769821167,84.08807373046875,18.158191095294796,2.844179297404342,16,1,0:1,1e-06
geo_fno,128,grid,10,wave,4,0.001,2707780,low,0.0002540364221204,0.0008708817185834,0.001638073590584,0.0023915469646453,0.0031050210818648,0.0038364219944924,0.0046174572780728,0.0054496424272656,0.0063344673253595,0.0072477515786886,0.0081768333911895,0.0091268261894583,0.0101084243506193,0.0110856499522924,0.0120126390829682,0.0129212914034724,0.0871975421905517,0.1134982258081436,57.288185119628906,18.425561569832468,2.3680671816830654,16,1,10:1,1e-06
geo_fno,64,cloud,10,burgers,4,0.001,2707780,high,0.0019350479124113,0.0054287463426589,0.0107983434572815,0.0180347021669149,0.0276464335620403,0.0397804863750934,0.0543894805014133,0.0713615491986274,0.0905436873435974,0.1117196977138519,0.1346238404512405,0.1589435487985611,0.1843240112066269,0.2104260623455047,0.2368547022342682,0.2632723450660705,0.360962301492691,0.4957158267498016,80.28335571289062,16.18539070787195,1.736750625936847,16,1,0:1,1e-06
geo_fno,128,grid,10,gasdynamics,4,0.001,2708550,low,0.0067570116370916,0.0107069443911314,0.0161684937775135,0.022219642996788,0.028968658298254,0.0367713309824466,0.0455442443490028,0.0551836639642715,0.066001258790493,0.077468991279602,0.0897490158677101,0.1029574498534202,0.1166508495807647,0.1315652430057525,0.146520048379898,0.1624009758234024,0.2628940939903259,0.3931234180927276,62.15785217285156,18.32231722106061,2.5841362642293326,16,1,10:1,1e-06
geo_fno,64,grid,10,kuramotosivashinsky,4,0.001,2707395,high,0.0851225331425666,0.2067096084356308,0.4874719679355621,0.8690721392631531,1.2342153787612915,1.5119242668151855,1.8656103610992432,16.52004623413086,1347.376220703125,104001.296875,8474683.0,935240640.0,85382774784.0,8345809846272.0,797544825225216.0,7.33276502270935e+16,1562161.5,9694056.0,90.18819427490234,20.323589723497932,2.3509824014897904,16,1,10:1,1e-06
geo_fno,8,grid,10,advection,4,0.001,2707395,full,0.0002571679651737,0.00276989932172,0.0149687081575393,0.0200358219444751,0.0661291405558586,0.2131732255220413,0.8911903500556946,1.6954505443572998,1.8860316276550293,1.9713727235794067,1.7378270626068115,1.7154247760772705,1.7405738830566406,2.1738481521606445,1.9885765314102173,1.993607521057129,1.0890755653381348,1.405389428138733,92.11371612548828,16.862674560546875,0.28741581793321175,16,1,0:1,1e-06
geo_fno,128,cloud,10,reactiondiffusion,4,0.001,2707780,medium,0.1075051203370094,0.1960717737674713,0.337919145822525,0.5203491449356079,0.7139341235160828,0.8886734843254089,1.0757704973220823,1.823631167411804,9.564423561096191,97.9684829711914,1119.6614990234375,13140.8203125,158091.515625,1945883.75,24430446.0,311966048.0,163.84791564941406,1330.5367431640625,187.4169006347656,46.852259953816734,117.8414371665872,16,1,0:1,1e-06
geo_fno,64,cloud,10,gasdynamics,4,0.001,2708550,high,0.0146375382319092,0.0218229461461305,0.0292571820318698,0.0380427651107311,0.0473731160163879,0.057209875434637,0.0676288455724716,0.0785835012793541,0.0901243984699249,0.1021563112735748,0.1149220764636993,0.1286317557096481,0.1430807709693908,0.1585844159126281,0.1752058267593383,0.1928284019231796,0.2953744530677795,0.4242081046104431,79.94192504882812,15.14645880283803,0.9189542917622147,16,1,0:1,1e-06
graphpde,128,grid,10,kuramotosivashinsky,4,0.001,2110978,medium,0.0025888339150696,0.0219782460480928,0.0764397084712982,0.1779034882783889,0.3312894403934479,0.5306039452552795,0.7548569440841675,0.9761921167373656,1.1730109453201294,1.335566520690918,1.463524341583252,1.5612094402313232,1.6347098350524902,1.6906498670578003,1.7351528406143188,1.772960901260376,1.0646331310272217,1.331464409828186,2848.42431640625,464.97410119546424,12.026494926908217,16,1,10:2,1e-06
graphpde,128,grid,10,gasdynamics,4,0.001,2130949,low,0.0609638579189777,0.1438761204481125,0.2340391874313354,0.3157254159450531,0.3885885179042816,0.4555244147777557,0.5121821761131287,0.563778281211853,0.608974039554596,0.6502328515052795,0.6878946423530579,0.7222214937210083,0.7542290687561035,0.7838884592056274,0.8112684488296509,0.8362556099891663,0.7066928148269653,0.9140915274620056,1027.6768798828125,150.71101610118595,9.904330168792246,16,1,10:1,1e-06
graphpde,64,cloud,10,reactiondiffusion,4,0.001,2117635,high,8.430294110439718e-05,0.0011105501325801,0.0053341132588684,0.0147008514031767,0.0279984064400196,0.0414160154759883,0.0524332486093044,0.0615592859685421,0.0699322000145912,0.077343963086605,0.0831521153450012,0.0875837877392768,0.09178227186203,0.0969491079449653,0.1033031493425369,0.109632208943367,0.2176117599010467,0.3064939379692077,2308.070068359375,937.6574048564786,11.914540458008279,16,1,0:1,1e-06
graphpde,32,grid,10,reactiondiffusion,4,0.001,2117635,full,7.269433990586549e-05,0.0009112808620557,0.004431280773133,0.0128064136952161,0.0259395577013492,0.0406570322811603,0.0536893792450428,0.0643403604626655,0.0733135119080543,0.0809284672141075,0.0873505026102066,0.0934182554483413,0.1006036102771759,0.1101762652397155,0.1223364770412445,0.1357581317424774,0.252693235874176,0.3387521505355835,5480.369140625,946.3476325443662,7.683524507054,16,1,0:1,1e-06
graphpde,128,grid,10,reactiondiffusion,4,0.001,2117635,low,7.509574061259627e-05,0.0009458415443077,0.0045168153010308,0.0126189738512039,0.0247109234333038,0.0379826724529266,0.0502796396613121,0.0617903172969818,0.0731386691331863,0.0835182890295982,0.0918921828269958,0.0988184362649917,0.106284812092781,0.11602184176445,0.1280482411384582,0.140632688999176,0.2413731515407562,0.3666455745697021,974.2171630859376,149.61180083836197,12.061738958121897,16,1,10:1,1e-06
graphpde,128,cloud,10,advection,4,0.001,2110978,low,3.7797362892888486e-05,0.0006457811105065,0.0038627060130238,0.0133269159123301,0.0322752743959426,0.06105962023139,0.0968597754836082,0.1358260959386825,0.1753566265106201,0.2146862745285034,0.2541138827800751,0.2941409349441528,0.3351673483848572,0.3775542676448822,0.4216929078102112,0.4679523408412933,0.5156835317611694,0.6807470321655273,1385.31591796875,608.413069691193,12.731760591755855,16,1,0:1,1e-06
graphpde,64,grid,10,kuramotosivashinsky,4,0.001,2110978,high,0.0012699238723143,0.0107575850561261,0.0395956523716449,0.0983624085783958,0.1980042904615402,0.3453228771686554,0.5343219637870789,0.7446315884590149,0.9503381848335266,1.130314826965332,1.2734272480010986,1.3780879974365234,1.44956374168396,1.4965617656707764,1.5289764404296875,1.556274175643921,1.0008385181427002,1.2470452785491943,2497.51318359375,418.7062363850753,5.518900892847099,16,1,10:2,1e-06
graphpde,128,cloud,10,wave,4,0.001,2117635,medium,0.0017135393572971,0.0159661378711462,0.0577977560460567,0.1214120164513588,0.1823903918266296,0.2347538918256759,0.2893488109111786,0.3564422130584717,0.4422653317451477,0.540550172328949,0.6365762948989868,0.7240085601806641,0.8055610656738281,0.885837197303772,0.9646583199501038,1.0389597415924072,0.7971714735031128,1.0166534185409546,2777.7421875,464.7460704130285,43.424779383284026,16,1,0:2,1e-06
graphpde,128,grid,10,burgers,4,0.001,2117635,low,0.0015059707220643,0.0041447444818913,0.0078323129564523,0.0125687820836901,0.0187083687633276,0.0263379421085119,0.0354054123163223,0.0457798019051551,0.0573722645640373,0.0701099038124084,0.0838292986154556,0.0984056070446968,0.113748088479042,0.1297615766525268,0.1463604420423507,0.1634742617607116,0.2294011563062667,0.3852992653846741,1027.4732666015625,148.00288527483383,11.074177167482985,16,1,10:1,1e-06
graphpde,64,grid,10,reactiondiffusion,4,0.001,2117635,high,7.356543937930837e-05,0.000907105510123,0.00430687982589,0.0119737349450588,0.0230942461639642,0.0345898903906345,0.0443759486079216,0.0526073426008224,0.0596911124885082,0.0653313919901847,0.0694724097847938,0.0727607831358909,0.0762204900383949,0.0804934129118919,0.0852072909474372,0.0894575715065002,0.1909390240907669,0.2749994695186615,2536.438232421875,416.4816912377787,6.595542316904647,16,1,10:2,1e-06
graphpde,128,cloud,10,kuramotosivashinsky,4,0.001,2110978,medium,0.0045048692263662,0.0387304462492466,0.1279601156711578,0.2746458053588867,0.4654569923877716,0.6796188354492188,0.8928054571151733,1.0836645364761353,1.239802360534668,1.358680248260498,1.4440935850143433,1.5022563934326172,1.5394192934036257,1.5612837076187134,1.5733230113983154,1.5807278156280518,1.0058549642562866,1.2571676969528198,2804.68310546875,466.8011827655867,67.47002069847728,16,1,0:2,1e-06
graphpde,64,grid,10,gasdynamics,4,0.001,2130949,high,0.0600690841674804,0.1527951657772064,0.2544398307800293,0.3532125353813171,0.4429724812507629,0.5209975838661194,0.5872586965560913,0.64260333776474,0.6887250542640686,0.7276063561439514,0.76084303855896,0.78963702917099,0.8154054880142212,0.839258074760437,0.8607208728790283,0.879044234752655,0.7331494688987732,0.9372355937957764,2586.380615234375,427.7464129321998,6.3866438946440365,16,1,10:2,1e-06
graphpde,128,cloud,10,gasdynamics,4,0.001,2130949,medium,0.0793260708451271,0.181332916021347,0.2961367964744568,0.4081859588623047,0.5103042721748352,0.5986510515213013,0.6733534336090088,0.7365248203277588,0.791530191898346,0.8417060375213623,0.8894667625427246,0.9359830617904664,0.981231689453125,1.0241420269012451,1.062504768371582,1.0947673320770264,0.8229550123214722,1.046092867851257,2885.59033203125,478.53307985791974,68.09969180748969,16,1,0:2,1e-06
graphpde,128,grid,10,kuramotosivashinsky,4,0.001,2110978,low,0.0052678566426038,0.0453482940793037,0.1451986134052276,0.2973639070987701,0.4781184196472168,0.6639423966407776,0.8363752365112305,0.9844741821289062,1.1056922674179075,1.2033908367156982,1.2824311256408691,1.3464144468307495,1.397719144821167,1.4388771057128906,1.4731197357177734,1.503963589668274,0.9804767966270448,1.2262790203094482,978.2711791992188,151.19215020218024,13.176653505537828,16,1,10:1,1e-06
graphpde,128,cloud,10,gasdynamics,4,0.001,2130949,low,0.0854463726282119,0.1958685666322708,0.311081051826477,0.420365422964096,0.5177724361419678,0.6008699536323547,0.6698347926139832,0.7255233526229858,0.7701587677001953,0.8069363236427307,0.8392499089241028,0.8700971603393555,0.9011474251747132,0.9324153661727904,0.962407886981964,0.9899587631225586,0.7772982716560364,0.9947150349617004,1441.6641845703125,616.8994291861804,15.790575992160827,16,1,0:1,1e-06
graphpde,128,cloud,10,burgers,4,0.001,2117635,medium,0.0029909396544098,0.0095574175938963,0.0181124210357666,0.0281287375837564,0.0395743139088153,0.0523042008280754,0.0660856962203979,0.0808871984481811,0.0966626480221748,0.1133429631590843,0.1308931559324264,0.1492702215909958,0.16844142973423,0.188376635313034,0.2090500295162201,0.2304455637931823,0.2686464190483093,0.4531158208847046,2851.184814453125,463.4373210832184,35.3762020857826,16,1,0:2,1e-06
graphpde,64,cloud,10,wave,4,0.001,2117635,high,0.0015136238653212,0.0135572804138064,0.0470824502408504,0.0969816297292709,0.1479576230049133,0.1997576355934143,0.2621937990188598,0.3338767290115356,0.4100828468799591,0.4906783103942871,0.5722581744194031,0.6487748026847839,0.7186195850372314,0.782683789730072,0.8440278768539429,0.9078473448753356,0.7391862273216248,0.951840043067932,2322.353515625,941.0311702085278,16.999682097768126,16,1,0:1,1e-06
graphpde,64,grid,10,burgers,4,0.001,2117635,high,0.0046547432430088,0.0151478219777345,0.0291750524193048,0.0452682040631771,0.0628326907753944,0.0815094485878944,0.1010860130190849,0.1214417368173599,0.1425141096115112,0.1642596870660781,0.1866446435451507,0.2096498608589172,0.2332549393177032,0.2574453055858612,0.2822129726409912,0.3075651228427887,0.2965395152568817,0.5014290809631348,2483.901123046875,414.5861995942411,5.139564206555469,16,1,10:2,1e-06
graphpde,64,cloud,10,kuramotosivashinsky,4,0.001,2110978,high,0.0036876304075121,0.0329441390931606,0.1131831631064415,0.2532480359077453,0.4495850801467895,0.6905016899108887,0.954383134841919,1.2129087448120115,1.4390785694122314,1.614054560661316,1.7305818796157837,1.7932316064834597,1.815279483795166,1.8130401372909544,1.8003454208374023,1.7853103876113892,1.0702393054962158,1.336050033569336,2473.52490234375,956.1278334079709,13.67284981290898,16,1,0:1,1e-06
graphpde,128,grid,10,burgers,4,0.001,2117635,medium,0.0009744062554091,0.0027186360675841,0.0056358161382377,0.0097291441634297,0.01508270483464,0.0217094700783491,0.0297028217464685,0.0390716902911663,0.0498018600046634,0.0618795678019523,0.0752622857689857,0.0899136736989021,0.1058041527867317,0.1229002326726913,0.14113549888134,0.1604586690664291,0.2078476548194885,0.3820144534111023,2787.453125,462.1041582190817,10.497699840072224,16,1,10:2,1e-06
graphpde,128,grid,10,wave,4,0.001,2117635,low,0.0032933298498392,0.0212008263915777,0.0541003122925758,0.0879350826144218,0.116554282605648,0.1484200656414032,0.1888215094804763,0.2311137914657592,0.2713559567928314,0.3127681314945221,0.3572571873664856,0.4025413393974304,0.4455834925174713,0.4863613545894623,0.52592533826828,0.5653285384178162,0.5899151563644409,0.7508533596992493,1023.4186401367188,149.6113143196413,13.168493080280658,16,1,10:1,1e-06
graphpde,128,grid,10,advection,4,0.001,2110978,medium,1.5999677998479456e-05,0.0002409871522104,0.0013438281603157,0.0044629434123635,0.0106919389218091,0.020526373758912,0.0338062681257724,0.0501235201954841,0.069261759519577,0.0913600921630859,0.1168106570839881,0.1460576206445694,0.179449051618576,0.2172040492296219,0.2594593167304992,0.3063544332981109,0.428126722574234,0.5463882684707642,2770.45654296875,461.13608827809037,11.00085661598947,16,1,10:2,1e-06
graphpde,64,cloud,10,burgers,4,0.001,2117635,high,0.0016839071176946,0.0049160458147525,0.0094656599685549,0.0156823173165321,0.023817591369152,0.0337468087673187,0.0452483221888542,0.0580898486077785,0.0720727667212486,0.0869782716035842,0.102676123380661,0.1190985292196273,0.1361442357301712,0.1537736803293228,0.1719464808702469,0.1906755715608596,0.2159107774496078,0.4017439186573028,2317.77001953125,933.899334443517,20.655431827020443,16,1,0:1,1e-06
graphpde,64,grid,10,advection,4,0.001,2110978,high,1.903160045912955e-05,0.0003011512162629,0.0017754957079887,0.006307209841907,0.0163483191281557,0.0342660509049892,0.0618920214474201,0.1004190817475318,0.1503585129976272,0.2114003896713256,0.2823365032672882,0.361256867647171,0.44596067070961,0.5343485474586487,0.6246371269226074,0.7154386043548584,0.6824674010276794,0.8416685461997986,2464.308349609375,415.8835485586026,6.852010690684317,16,1,10:2,1e-06
graphpde,64,grid,10,wave,4,0.001,2117635,high,0.0017155032837763,0.0149487145245075,0.0513078197836875,0.1049536615610122,0.1629532277584076,0.2272965162992477,0.3047474920749664,0.3869986236095428,0.4651551246643066,0.5407461524009705,0.6148719191551208,0.6851625442504883,0.7504388093948364,0.812283456325531,0.8719096779823303,0.927973747253418,0.7466967701911926,0.962191641330719,2529.60595703125,420.36237180634237,8.338713249821208,16,1,10:2,1e-06
graphpde,128,cloud,10,reactiondiffusion,4,0.001,2117635,medium,8.612529200036079e-05,0.0011757295578718,0.0058374842628836,0.0167657900601625,0.0335595495998859,0.0523218214511871,0.0696124956011772,0.0851933136582374,0.099365085363388,0.1108170375227928,0.1187387332320213,0.1241499930620193,0.1289863735437393,0.1354267746210098,0.1451087296009063,0.1574441790580749,0.2557955980300903,0.3879278898239136,2756.607666015625,463.3735680673637,44.16614224608011,16,1,0:2,1e-06
graphpde,32,grid,10,kuramotosivashinsky,4,0.001,2110978,full,0.001666790456511,0.0163242984563112,0.0665119513869285,0.1804168075323104,0.3930498361587524,0.7438793778419495,1.2734544277191162,2.0254011154174805,3.0333657264709477,4.251885414123535,5.462418556213379,6.334530353546143,6.679878234863281,6.589078903198242,6.309494018554688,6.076457977294922,1.912805676460266,2.461508750915528,5483.6240234375,942.8612244827592,3.0978129165187394,16,1,0:1,1e-06
graphpde,128,grid,10,advection,4,0.001,2110978,low,1.2542022886918858e-05,0.0001582841505296,0.0007501477957703,0.0021674488671123,0.0046499175950884,0.0082453321665525,0.0129070775583386,0.0185916386544704,0.0252836477011442,0.0329843424260616,0.0417078286409378,0.0514851436018943,0.0623576045036315,0.0743594095110893,0.0875061750411987,0.1018035188317298,0.2444628328084945,0.3160619139671325,967.549560546875,148.53323817503883,12.986875153465771,16,1,10:1,1e-06
graphpde,64,cloud,10,gasdynamics,4,0.001,2130949,high,0.073419414460659,0.1713181883096695,0.2854441404342651,0.4017569422721863,0.5106874704360962,0.6059442162513733,0.6855741739273071,0.7504187822341919,0.8026424050331116,0.8450774550437927,0.8802120685577393,0.9096341729164124,0.9348403811454772,0.957295060157776,0.977655589580536,0.9959991574287416,0.7888451218605042,0.997719407081604,2602.129150390625,959.3412785421494,28.48094236734753,16,1,0:1,1e-06
graphpde,128,cloud,10,wave,4,0.001,2117635,low,0.001298795454204,0.0109380148351192,0.0362569913268089,0.0731356590986251,0.1113689914345741,0.1519460678100586,0.2036487609148025,0.2647724449634552,0.3308151066303253,0.4031009078025818,0.4821029007434845,0.5637435913085938,0.6438776850700378,0.7220956683158875,0.7990142703056335,0.8761667013168335,0.7253696918487549,0.9346495270729064,1519.44091796875,606.1824419656275,18.189567901052154,16,1,0:1,1e-06
graphpde,32,grid,10,burgers,4,0.001,2117635,full,0.0010081504005938,0.0026194800157099,0.0051481537520885,0.0088213793933391,0.013920335099101,0.0206448026001453,0.029096083715558,0.0392805561423301,0.051197662949562,0.0648317709565162,0.0801484510302543,0.0971243008971214,0.1157329827547073,0.1359423100948333,0.1577115207910537,0.1810019761323928,0.2176253050565719,0.3605501353740692,5502.2802734375,944.7377358991919,3.401833933936638,16,1,0:1,1e-06
graphpde,128,cloud,10,reactiondiffusion,4,0.001,2117635,low,8.775240712566301e-05,0.0012118307640776,0.0059952083975076,0.0169642474502325,0.0331917479634285,0.050282098352909,0.0647469609975814,0.0773203000426292,0.0904898568987846,0.1041711866855621,0.1158203035593032,0.124222345650196,0.131637617945671,0.1418064534664154,0.1565770804882049,0.1740342378616333,0.2780697643756866,0.409271091222763,1417.0850830078125,601.6885161967247,13.921189011682879,16,1,0:1,1e-06
graphpde,128,cloud,10,advection,4,0.001,2110978,medium,3.20246908813715e-05,0.0005506267771124,0.0033798280637711,0.0121133308857679,0.0307353753596544,0.0612183734774589,0.102304883301258,0.1505344808101654,0.2023612856864929,0.2555414140224457,0.3091696500778198,0.3630307912826538,0.4170886874198913,0.4713526368141174,0.5258705615997314,0.5807003974914551,0.5712053179740906,0.7605599164962769,2786.75244140625,464.8787291283701,48.135536381827784,16,1,0:2,1e-06
graphpde,128,cloud,10,burgers,4,0.001,2117635,low,0.002312664175406,0.0068988264538347,0.0139524368569254,0.0232085157185792,0.0345135368406772,0.0476293936371803,0.0622785501182079,0.0781789571046829,0.0950182005763053,0.1124994605779647,0.1304220408201217,0.1486334353685379,0.1670087426900863,0.1854459196329116,0.2038737833499908,0.2222354263067245,0.239238753914833,0.4415289461612701,1432.19970703125,600.7295641079536,11.69118394265626,16,1,0:1,1e-06
graphpde,64,cloud,10,advection,4,0.001,2110978,high,3.116028165095486e-05,0.0005097433459013,0.0029954952187836,0.0103291310369968,0.0253669135272502,0.0493014641106128,0.0812049657106399,0.1190327331423759,0.1608985811471939,0.2055891156196594,0.2523618638515472,0.3006477355957031,0.3500075936317444,0.4001964628696441,0.4511560499668121,0.5029631853103638,0.5270094871520996,0.7048107981681824,2275.72705078125,943.4075913999096,21.595247324168856,16,1,0:1,1e-06
graphpde,128,grid,10,reactiondiffusion,4,0.001,2117635,medium,9.800693078432232e-05,0.0012226868420839,0.0057435133494436,0.0155766950920224,0.0289697982370853,0.0414107516407966,0.0505790635943412,0.0580908954143524,0.0659863203763961,0.0740503594279289,0.0811614245176315,0.087360993027687,0.0937796607613563,0.1013735383749008,0.1100185886025428,0.118272878229618,0.2171558439731598,0.3354619741439819,2818.65625,461.5411127808188,10.22644640094402,16,1,10:2,1e-06
graphpde,128,grid,10,gasdynamics,4,0.001,2130949,medium,0.0601996630430221,0.168439969420433,0.2845427095890045,0.3968373537063598,0.5016475319862366,0.5963766574859619,0.6791841387748718,0.7497965097427368,0.8098089694976807,0.8610877990722656,0.9048779010772704,0.9424561262130736,0.9756841659545898,1.0060209035873413,1.033257007598877,1.0566900968551636,0.8014553785324097,1.0277655124664309,2922.71142578125,474.0245522520894,8.97253990853357,16,1,10:2,1e-06
graphpde,32,grid,10,gasdynamics,4,0.001,2130949,full,0.0741145238280296,0.2255319207906723,0.4630944728851318,0.7947627902030945,1.176575779914856,1.539214849472046,1.8231406211853027,2.007581949234009,2.1069138050079346,2.14697003364563,2.150940179824829,2.136493444442749,2.115774154663086,2.096998929977417,2.08577036857605,2.085810422897339,1.16637921333313,1.443998098373413,5747.341796875,956.9549805939457,4.96670630658063,16,1,0:1,1e-06
graphpde,32,grid,10,wave,4,0.001,2117635,full,0.0026495484635233,0.022748852148652,0.0737034007906913,0.1498713344335556,0.2286479473114013,0.299340546131134,0.3735027611255646,0.4574464857578277,0.5483400225639343,0.6457234025001526,0.7442716360092163,0.8323721885681152,0.9013479351997375,0.9523900151252748,0.9916388988494872,1.0249967575073242,0.7884673476219177,1.0099138021469116,5495.14111328125,941.2760402817446,5.9996451785405815,16,1,0:1,1e-06
graphpde,128,cloud,10,kuramotosivashinsky,4,0.001,2110978,low,0.0058155423030257,0.0497669242322444,0.1581087857484817,0.3204322755336761,0.507681667804718,0.6917944550514221,0.8524351716041565,0.979522168636322,1.0731955766677856,1.1400442123413086,1.1878480911254885,1.222330093383789,1.2467607259750366,1.263135552406311,1.273340106010437,1.2794342041015625,0.9103697538375854,1.1309746503829956,1428.05078125,608.4719376607133,15.05164877806672,16,1,0:1,1e-06
graphpde,32,grid,10,advection,4,0.001,2110978,full,1.7614407624932937e-05,0.0002454111236147,0.0013812329852953,0.0047731287777423,0.0121053494513034,0.024815397337079,0.0437859892845153,0.0694690272212028,0.1023829504847526,0.1440388113260269,0.1980005651712417,0.2700569927692413,0.3663826882839203,0.4900030493736267,0.6379862427711487,0.8018733859062195,0.6756134033203125,0.8913137912750244,5369.8251953125,939.3267697231018,3.2944483184575275,16,1,0:1,1e-06
graphpde,128,grid,10,wave,4,0.001,2117635,medium,0.00114983972162,0.0108153596520423,0.0384204164147377,0.0828611627221107,0.1351426392793655,0.1951915770769119,0.2677230536937713,0.350193977355957,0.442847341299057,0.5581578612327576,0.7034730911254883,0.8682078719139099,1.0387592315673828,1.2092719078063965,1.3741707801818848,1.5346256494522097,0.9653021693229676,1.2371761798858645,2808.37548828125,463.70413511756055,12.564939070224746,16,1,10:2,1e-06
grind,8,grid,3,wave,4,0.001,1938948,full,0.002954424591735,0.0173561796545982,0.041812740266323,0.0656708255410194,0.0871108174324035,0.1076621711254119,0.1276172250509262,0.1456713229417801,0.1625141203403473,0.1785510331392288,0.195036768913269,0.2156163454055786,0.2415937036275863,0.2719861567020416,0.3041827082633972,0.3351436853408813,0.4512896239757538,0.5719800591468811,1658.976318359375,428.8760676252782,0.5175331377856768,16,1,0:1,1e-06
grind,8,grid,3,kuramotosivashinsky,4,0.001,1928578,full,0.4746330380439758,0.4929735958576202,0.5396167039871216,0.6102075576782227,0.6913626194000244,0.769020676612854,0.835260808467865,0.8895913362503052,0.9355818033218384,0.9767882227897644,1.0148464441299438,1.049845814704895,1.0816580057144165,1.1108927726745603,1.1390966176986694,1.168470859527588,0.8723664283752441,1.0795477628707886,1728.7969970703125,427.70967711544506,1.5065661931459058,16,1,0:1,1e-06
grind,16,grid,3,burgers,4,0.001,1938948,medium,0.0187950767576694,0.0193182695657014,0.0205394681543111,0.0227374527603387,0.0262381173670291,0.0313467271625995,0.0383759327232837,0.0477071292698383,0.0596952736377716,0.0747258514165878,0.0931693241000175,0.1154469102621078,0.1419536024332046,0.1731418520212173,0.2094391882419586,0.2513337135314941,0.3945896327495575,0.4947517216205597,3194.15771484375,815.7167866584855,5.426025841024024,16,1,10:2,1e-06
grind,16,cloud,10,wave,4,0.001,1938948,high,0.0020347938407212,0.0112586701288819,0.0247061513364315,0.0372772179543972,0.0484101884067058,0.0572610273957252,0.0641776025295257,0.0707384347915649,0.0781020373106002,0.0856174677610397,0.0924896523356437,0.0989772602915763,0.1056464090943336,0.1132107526063919,0.1223916634917259,0.1337383836507797,0.2851844429969787,0.3634074628353119,2228.562744140625,563.2168584107484,33.69982661776647,16,1,0:1,1e-06
grind,16,cloud,3,advection,4,0.001,1928578,medium,8.291723133879714e-06,7.036647730274126e-05,0.0002747954567894,0.0006977223674766,0.0013646122533828,0.0022451966069638,0.0032919750083237,0.00446552131325,0.0057383812963962,0.0070847026072442,0.0084773926064372,0.0098932813853025,0.0113193066790699,0.0127533935010433,0.0142021998763084,0.0156780518591403,0.0977779328823089,0.1244411170482635,3256.849609375,811.902205244128,4.623675101275251,16,1,0:2,1e-06
grind,8,grid,3,burgers,4,0.001,1938948,full,0.018956059589982,0.0188967585563659,0.0190848279744386,0.0197207871824502,0.0210245996713638,0.0232369266450405,0.0266176685690879,0.0314496979117393,0.0380472354590892,0.0467612035572528,0.0579850934445858,0.0721611902117729,0.0897880792617797,0.1114258915185928,0.1377048045396804,0.1693265438079834,0.3085637092590332,0.4015507400035858,1667.95556640625,433.21062122474507,5.055543713169648,16,1,0:1,1e-06
grind,32,grid,10,burgers,4,0.001,1938948,low,0.0180500987917184,0.0192727167159318,0.0209864806383848,0.0233525987714529,0.0266051683574914,0.0307447798550128,0.0357850044965744,0.0418353006243705,0.0488721467554569,0.0568749196827411,0.065871275961399,0.0758233144879341,0.0866606682538986,0.0983554273843765,0.1108214929699897,0.1240099370479583,0.2018471658229828,0.3161351084709167,4203.71044921875,1280.453720984927,93.90589731272019,16,1,10:1,1e-06
grind,32,grid,10,kuramotosivashinsky,4,0.001,1928578,low,0.462738037109375,0.4950992465019226,0.5671903491020203,0.668577253818512,0.785064160823822,0.902425229549408,1.0062804222106934,1.0870246887207031,1.145275354385376,1.1894618272781372,1.2274197340011597,1.262221097946167,1.2938226461410522,1.3210476636886597,1.3421868085861206,1.3554573059082031,0.938793957233429,1.1629756689071655,4958.4560546875,1370.2665319248079,85.63051149122356,16,1,10:1,1e-06
grind,16,grid,3,kuramotosivashinsky,4,0.001,1928578,high,0.476961076259613,0.4946774542331695,0.5404757261276245,0.6126075387001038,0.7007575631141663,0.7925458550453186,0.8793663382530212,0.958323895931244,1.030535101890564,1.09834086894989,1.1636672019958496,1.2276968955993652,1.291131615638733,1.354333996772766,1.4174184799194336,1.480345606803894,0.97757887840271,1.2136642932891846,3344.003173828125,817.8851314066621,0.9561403965639508,16,1,10:2,1e-06
grind,16,grid,3,gasdynamics,4,0.001,1959688,medium,0.067264549434185,0.0886190608143806,0.1178706437349319,0.1477353274822235,0.175124242901802,0.2001218050718307,0.2238797396421432,0.246801882982254,0.2687899172306061,0.2899215817451477,0.3104153871536255,0.330439031124115,0.3511409163475036,0.3739491403102875,0.3987396955490112,0.4244854152202606,0.4993729293346405,0.647371768951416,3213.67724609375,817.3667965782373,0.8212415426054392,16,1,10:2,1e-06
grind,8,grid,3,advection,4,0.001,1928578,full,7.258604000526247e-06,6.254501931834966e-05,0.0002451940381433,0.0006219678325578,0.0012073819525539,0.0019616954959928,0.0028296324890106,0.0037704973947256,0.0047628101892769,0.0057918913662433,0.0068416646681725,0.0078972047194838,0.0089512029662728,0.0100057860836386,0.0110696367919445,0.0121547849848866,0.0830165967345237,0.1092511713504791,1702.373291015625,432.1427050137632,6.032709376381479,16,1,0:1,1e-06
grind,16,cloud,3,reactiondiffusion,4,0.001,1938948,medium,0.1668648272752761,0.1649064570665359,0.1654310524463653,0.1704994887113571,0.1801170408725738,0.1909962445497512,0.198901742696762,0.2021695524454116,0.2021484822034835,0.2009963989257812,0.1999682784080505,0.1994878351688385,0.1995085477828979,0.1993524432182312,0.1984534263610839,0.1973696202039718,0.303280234336853,0.3964739441871643,3194.787841796875,813.6518981933593,0.4409999834932809,16,1,0:2,1e-06
grind,32,grid,10,advection,4,0.001,1928578,low,1.1707957128237467e-05,8.439533849013969e-05,0.0002976586401928,0.0006833418738096,0.0012263928074389,0.0018679046770557,0.0025610551238059,0.0032792503479868,0.004017187282443,0.0047763758338987,0.005559470038861,0.0063693048432469,0.0072090616449713,0.0080808084458112,0.008984318934381,0.0099178366363048,0.0745970904827117,0.0990504622459411,4964.17138671875,1221.7261831884482,5.549068352204262,16,1,10:1,1e-06
grind,16,grid,3,gasdynamics,4,0.001,1959688,high,0.0681832432746887,0.0895804762840271,0.1205254048109054,0.1545328795909881,0.1875218898057937,0.2182337790727615,0.247775986790657,0.2772547006607055,0.3070247173309326,0.3370831310749054,0.3674698770046234,0.398142546415329,0.4296474456787109,0.4632277190685272,0.4993696808815002,0.5377255082130432,0.5586730241775513,0.7295644879341125,3318.327880859375,826.1232974201845,1.7609667032431218,16,1,10:2,1e-06
grind,16,cloud,10,reactiondiffusion,4,0.001,1938948,high,0.1832111030817031,0.1809237450361251,0.1810824573040008,0.1856734454631805,0.1939801275730133,0.2024656236171722,0.2080290019512176,0.210040345788002,0.2096820920705795,0.2080669403076172,0.2055324018001556,0.2021603137254715,0.1982312351465225,0.194539725780487,0.1922717690467834,0.1921260952949524,0.3001792728900909,0.3916068971157074,2034.2730712890625,545.9508275096459,19.454064102068426,16,1,0:1,1e-06
grind,32,cloud,10,wave,4,0.001,1938948,low,0.001551900524646,0.0090266028419137,0.0220361538231372,0.0365203283727169,0.0502664893865585,0.0594377145171165,0.0639839023351669,0.0669732019305229,0.0711374506354332,0.0779209285974502,0.0865835696458816,0.095833383500576,0.1052354723215103,0.1149676665663719,0.1253582537174224,0.1371052861213684,0.2812983691692352,0.3685601353645324,4200.939453125,1233.0308046138705,60.400932107847055,16,1,0:1,1e-06
grind,8,grid,3,reactiondiffusion,4,0.001,1938948,full,0.2041622847318649,0.2002664804458618,0.1981808245182037,0.1991888880729675,0.2021718174219131,0.2042127847671508,0.2037131637334823,0.2008974552154541,0.1968123763799667,0.1924112737178802,0.1879427134990692,0.183409035205841,0.1788907498121261,0.1742693334817886,0.1696405410766601,0.1657693833112716,0.2749785184860229,0.3539932072162628,1668.846923828125,428.8718588073515,0.7078536542391607,16,1,0:1,1e-06
grind,16,cloud,3,gasdynamics,4,0.001,1959688,medium,0.0711103826761245,0.0896319523453712,0.1104780659079551,0.1296213567256927,0.1478639543056488,0.1656173020601272,0.1825675815343856,0.1990280747413635,0.215071365237236,0.2307406216859817,0.2461649924516677,0.2616334855556488,0.2777925431728363,0.2946813106536865,0.3117752969264984,0.3290572762489319,0.422897458076477,0.5665100812911987,3198.587890625,828.3430070548222,78.9947338452951,16,1,0:2,1e-06
grind,16,cloud,10,gasdynamics,4,0.001,1959688,high,0.0694462805986404,0.0848675146698951,0.1031553894281387,0.1207039430737495,0.1371586769819259,0.152590736746788,0.1670055091381073,0.1808311492204666,0.194325253367424,0.2077536284923553,0.2214588820934295,0.2357665449380874,0.2511703372001648,0.2676578164100647,0.2845933735370636,0.3015390932559967,0.4131168127059936,0.544144868850708,2265.009521484375,596.5160235112616,40.043230362922806,16,1,0:1,1e-06
grind,16,cloud,3,kuramotosivashinsky,4,0.001,1928578,medium,0.3974240124225616,0.4306933283805847,0.5086895227432251,0.6221017241477966,0.7534274458885193,0.8868883848190308,1.0097734928131104,1.1117515563964844,1.1866278648376465,1.2356215715408323,1.266848087310791,1.290194034576416,1.3125170469284058,1.3355368375778198,1.3559261560440063,1.3676376342773438,0.9449406862258912,1.1685357093811035,3254.37353515625,812.6555485922345,65.46464740413533,16,1,0:2,1e-06
grind,16,cloud,10,advection,4,0.001,1928578,high,7.178477972047404e-06,5.892412445973605e-05,0.0002235984866274,0.0005468256422318,0.0010163488332182,0.0015684319660067,0.0021368418820202,0.0026875594630837,0.003218667814508,0.0037380475550889,0.0042477445676922,0.0047439532354474,0.0052236686460673,0.0056879385374486,0.0061399899423122,0.0065810638479888,0.0630968064069747,0.0806577876210212,1983.2574462890625,568.1560486291127,34.871866298494865,16,1,0:1,1e-06
grind,16,grid,3,burgers,4,0.001,1938948,high,0.0187483467161655,0.0187947824597358,0.0190692376345396,0.019697843119502,0.0208136718720197,0.0225689094513654,0.0251064859330654,0.0285749491304159,0.0331249088048934,0.0388981997966766,0.0460317768156528,0.0546552091836929,0.0648850575089454,0.076823353767395,0.0905541330575943,0.1061434894800186,0.2246050834655761,0.3112967312335968,3322.1259765625,822.4773413808143,0.9729189408354632,16,1,10:2,1e-06
grind,16,grid,3,reactiondiffusion,4,0.001,1938948,medium,0.1995637714862823,0.1977503597736358,0.1989688128232956,0.2051734030246734,0.21579310297966,0.2265687882900238,0.2327498495578766,0.2332903146743774,0.230481281876564,0.226668506860733,0.2232795357704162,0.2220541536808014,0.2250654548406601,0.2335736751556396,0.2472284287214279,0.262601375579834,0.3814405500888824,0.4926778078079223,3293.69775390625,814.8259969330682,1.0784433117185668,16,1,10:2,1e-06
grind,16,grid,3,kuramotosivashinsky,4,0.001,1928578,medium,0.4769935607910156,0.4954526424407959,0.5419648885726929,0.6133425235748291,0.6980518698692322,0.7832018136978149,0.8607711791992188,0.9296163320541382,0.9932882189750672,1.0564409494400024,1.1222671270370483,1.1919970512390137,1.2655835151672363,1.3425369262695312,1.4223034381866455,1.5042861700057983,0.9804258346557616,1.2238093614578247,3245.94677734375,811.1233481811311,0.9492444769003866,16,1,10:2,1e-06
grind,32,cloud,10,kuramotosivashinsky,4,0.001,1928578,low,0.2998203933238983,0.3498417139053345,0.4590141773223877,0.6049987077713013,0.7593178153038025,0.9040166735649108,1.0304030179977417,1.1343443393707275,1.2142060995101929,1.27152681350708,1.311492681503296,1.3412110805511477,1.3667457103729248,1.3909224271774292,1.412582278251648,1.427698016166687,0.9642147421836852,1.1937495470046997,4192.34814453125,1241.346484336155,69.45132229911695,16,1,0:1,1e-06
grind,32,grid,10,gasdynamics,4,0.001,1959688,low,0.0642220601439476,0.0752498134970665,0.0919447243213653,0.1088694110512733,0.1262343972921371,0.1448653787374496,0.1621270477771759,0.1810894310474395,0.1996900290250778,0.2197529375553131,0.2413977682590484,0.2640378475189209,0.2885327637195587,0.3130924105644226,0.3381088078022003,0.3627113103866577,0.4586251378059387,0.5990748405456543,4250.44189453125,1228.4674216444198,2.859873234456929,16,1,10:1,1e-06
grind,32,cloud,10,burgers,4,0.001,1938948,low,0.0134360054507851,0.0170085728168487,0.0217078924179077,0.0273515377193689,0.033883947879076,0.0413838662207126,0.0499015599489212,0.0594744049012661,0.0701328516006469,0.0818391740322113,0.094581551849842,0.1083369255065918,0.1230973377823829,0.1388556957244873,0.1556411385536193,0.1734447181224823,0.2588370442390442,0.3842337429523468,4979.82080078125,1322.5182890097967,125.591584291192,16,1,0:1,1e-06
grind,16,grid,3,advection,4,0.001,1928578,high,9.363538993056864e-06,8.271041588159278e-05,0.0003359373367857,0.0008850359008647,0.0017875962657853,0.0030193133279681,0.0045174933038651,0.0062280683778226,0.0081280237063765,0.0102174188941717,0.0125064868479967,0.0150105720385909,0.017748674377799,0.0207378044724464,0.0239855982363224,0.0274834595620632,0.1211604550480842,0.1653692424297332,3358.295166015625,817.1293358915386,1.4768391137397157,16,1,10:2,1e-06
grind,16,grid,3,reactiondiffusion,4,0.001,1938948,high,0.2013704776763916,0.1983522772789001,0.1960419565439224,0.1952201873064041,0.1956161558628082,0.1959627419710159,0.1954774707555771,0.1942074447870254,0.1924805343151092,0.1904497593641281,0.1879055202007293,0.1845610439777374,0.1803533285856247,0.1755626052618026,0.170851930975914,0.1668189316987991,0.2775025963783264,0.3593684434890747,3326.654541015625,822.8182607552434,1.7701226509126868,16,1,10:2,1e-06
grind,32,cloud,10,reactiondiffusion,4,0.001,1938948,low,0.1244494467973709,0.1232818514108657,0.125110238790512,0.1327190697193145,0.1467263400554657,0.1637910455465316,0.1792966425418853,0.1914367526769638,0.2007245421409607,0.2075780183076858,0.2120759189128875,0.2149241268634796,0.2179987728595733,0.2240352630615234,0.2352811694145202,0.2508140802383423,0.355872631072998,0.4688370525836944,4977.154296875,1220.6516681491253,51.2373742833729,16,1,0:1,1e-06
grind,16,grid,3,wave,4,0.001,1938948,medium,0.001776925404556,0.0100226961076259,0.0228356644511222,0.0355593785643577,0.0489639863371849,0.0638677328824997,0.0806320756673812,0.1006621494889259,0.125514730811119,0.1550643295049667,0.1887788623571396,0.2278183847665786,0.2724311649799347,0.3212833404541015,0.3747152686119079,0.4338040053844452,0.5381096601486206,0.6561349034309387,3184.245361328125,814.7526321749787,1.2023351725669427,16,1,10:2,1e-06
grind,16,grid,3,wave,4,0.001,1938948,high,0.002402980113402,0.0128394216299057,0.0284850727766752,0.0420814044773578,0.0541787222027778,0.0655311271548271,0.0741104334592819,0.0802754610776901,0.0868463739752769,0.0946840792894363,0.1024710536003112,0.1097269356250763,0.1178553402423858,0.1275418996810913,0.1384695619344711,0.1507885009050369,0.3003967404365539,0.3866366446018219,3331.733154296875,825.6912740177877,5.923546143319839,16,1,10:2,1e-06
grind,8,grid,3,gasdynamics,4,0.001,1959688,full,0.0693342089653015,0.0878551676869392,0.1151088029146194,0.1435151100158691,0.1703734695911407,0.1961146742105484,0.2216405421495437,0.246665820479393,0.2707889378070831,0.2938908338546753,0.3156065046787262,0.3361220359802246,0.3565665483474731,0.3776344060897827,0.39895960688591,0.4202215075492859,0.4966633319854736,0.6454499363899231,1682.2332763671875,431.5256879711028,1.5923677359939052,16,1,0:1,1e-06
grind,16,cloud,10,burgers,4,0.001,1938948,high,0.017560888081789,0.0186346247792243,0.020233154296875,0.0224339216947555,0.0253461003303527,0.0290571339428424,0.0336337573826313,0.0391282774507999,0.0455715507268905,0.0529799871146678,0.0613743290305137,0.0707637071609497,0.0811507925391197,0.0925405025482177,0.1049268841743469,0.1183041483163833,0.2108475416898727,0.3116119801998138,2237.9814453125,563.2293258355521,33.718578356084045,16,1,0:1,1e-06
grind,32,cloud,10,gasdynamics,4,0.001,1959688,low,0.0696827918291091,0.0886600688099861,0.1069269850850105,0.121772363781929,0.1365505754947662,0.1509270220994949,0.164628654718399,0.1779902577400207,0.191203236579895,0.2048539817333221,0.2190773487091064,0.2340759336948394,0.250165045261383,0.2673379778861999,0.2851316630840301,0.3032411634922027,0.4086174964904785,0.5438972115516663,5010.45751953125,1245.049900851682,61.412103723265275,16,1,0:1,1e-06
grind,16,cloud,10,kuramotosivashinsky,4,0.001,1928578,high,0.4349330067634582,0.4614732265472412,0.5251233577728271,0.6178079843521118,0.7223743200302124,0.8225942850112915,0.9077373743057252,0.9738786220550536,1.023218035697937,1.0617098808288574,1.0960264205932615,1.131793737411499,1.1733263731002808,1.223393797874451,1.282579779624939,1.3489999771118164,0.9336658716201782,1.1592206954956057,1996.2464599609373,565.114949013411,50.453758499927574,16,1,0:1,1e-06
grind,16,cloud,3,wave,4,0.001,1938948,medium,0.0024402460549026,0.0152117582038044,0.034601867198944,0.051141120493412,0.0646838992834091,0.0750802308320999,0.0861920043826103,0.1012593880295753,0.1166223734617233,0.1318110078573227,0.1472910642623901,0.1607677489519119,0.1721314638853073,0.1847307682037353,0.2008834183216095,0.2188924849033355,0.3566334843635559,0.4630627036094665,3189.4580078125,813.5170721756784,0.5626289122062054,16,1,0:2,1e-06
grind,32,grid,10,wave,4,0.001,1938948,low,0.0021769464947283,0.013718613423407,0.0362275950610637,0.0595531314611434,0.0747118219733238,0.0784531012177467,0.0759678557515144,0.074595034122467,0.0769576132297515,0.0816277712583541,0.0873003825545311,0.0935346931219101,0.1002561897039413,0.1076008081436157,0.1161631941795349,0.1262055486440658,0.2702420651912689,0.354540467262268,4204.78076171875,1314.9236743746292,101.40919161941441,16,1,10:1,1e-06
grind,32,grid,10,reactiondiffusion,4,0.001,1938948,low,0.1820196658372879,0.1804602891206741,0.1817734092473983,0.1872049272060394,0.1955074071884155,0.2031963467597961,0.2075184136629104,0.2085816860198974,0.2084574550390243,0.2087839692831039,0.2095043510198593,0.2097775340080261,0.2088730186223983,0.2063393145799636,0.2027972787618637,0.1995643228292465,0.2975311875343323,0.3974703252315521,4971.814453125,1346.361268044856,93.46955465551164,16,1,10:1,1e-06
grind,32,cloud,10,advection,4,0.001,1928578,low,9.885714462143367e-06,7.359281153185293e-05,0.0002651663962751,0.0006175855523906,0.001114911516197,0.0016924508381634,0.0022971448488533,0.0029010165017098,0.0035025216639041,0.0041052009910345,0.0047098416835069,0.0053154341876506,0.0059225056320428,0.0065323468297719,0.007144977338612,0.0077581228688359,0.0650762766599655,0.0875797346234321,4194.236328125,1334.2974818594,112.40596350401522,16,1,0:1,1e-06
grind,16,cloud,3,burgers,4,0.001,1938948,medium,0.0164289064705371,0.018319547176361,0.0210558846592903,0.0248444322496652,0.029887281358242,0.0364220216870307,0.0446584224700927,0.054806463420391,0.0670879334211349,0.0817237645387649,0.0989653393626213,0.119093932211399,0.1424160748720169,0.1692586541175842,0.1999776810407638,0.2349820733070373,0.3401561677455902,0.4553058445453644,3218.83740234375,813.0531722774032,4.650912822381738,16,1,0:2,1e-06
grind,16,grid,3,advection,4,0.001,1928578,medium,7.236191777337808e-06,6.130454858066514e-05,0.0002392208116361,0.0006023253081366,0.0011554714292287,0.0018446105532348,0.0026032582391053,0.0033894684165716,0.0041913031600415,0.0050074099563062,0.0058328825980424,0.0066595608368515,0.0074822879396378,0.0083013605326414,0.0091203553602099,0.0099414102733135,0.0715549439191818,0.098812498152256,3246.413330078125,811.2330453854297,0.8044032330041094,16,1,10:2,1e-06
neuralpde,128,grid,10,advection,4,0.001,1928578,medium,1.128930421145924e-06,2.136876219083206e-06,3.698264890772407e-06,5.818929821543861e-06,8.275824256998021e-06,1.1082543096563311e-05,1.4378105333889836e-05,1.802485166990664e-05,2.1993047994328663e-05,2.637531542859506e-05,3.1164250685833395e-05,3.62532155122608e-05,4.172465196461417e-05,4.765762059832923e-05,5.385297845350578e-05,6.041937740519643e-05,0.005949362181127,0.0076572652906179,1354.77734375,410.756591796875,47.19105425742893,16,1,0:1,1e-06
neuralpde,8,grid,10,advection,4,0.001,1928578,full,3.657492868569534e-07,8.587872457610501e-07,1.5236920489769543e-06,2.352633373448043e-06,3.35304184773122e-06,4.524737505562371e-06,5.867402705916902e-06,7.383294814644614e-06,9.073963155969976e-06,1.0938228115264792e-05,1.2979321581951808e-05,1.5198098481050692e-05,1.7594042219570838e-05,2.0169098206679337e-05,2.2919008188182488e-05,2.5837833163677715e-05,0.0037216821219772,0.0049767261371016,747.0331420898438,207.43395960825006,0.9113851016512013,16,1,0:1,1e-06
neuralpde,8,grid,10,gasdynamics,4,0.001,1959688,full,0.0039734132587909,0.0161738935858011,0.0342913977801799,0.0550334751605987,0.0765728428959846,0.0981310009956359,0.1194776371121406,0.1404749155044555,0.1613361239433288,0.1823746711015701,0.2039421796798706,0.2262676358222961,0.2496359497308731,0.2743699848651886,0.3003826737403869,0.327296108007431,0.4291728734970093,0.5698092579841614,2740.68505859375,662.9986165110855,224.0393879194377,16,1,0:1,1e-06
neuralpde,8,grid,10,reactiondiffusion,4,0.001,1938948,full,5.810210495837964e-05,0.000607204157859,0.0027571287937462,0.0076360958628356,0.014901053160429,0.0223532747477293,0.0278452206403017,0.0312164407223463,0.0337469428777694,0.0361188501119613,0.0379841178655624,0.0391991920769214,0.0400935858488082,0.0411320179700851,0.043038934469223,0.0460505299270153,0.1450002193450927,0.204114094376564,2785.176025390625,634.9195703121721,240.73454518199972,16,1,0:1,1e-06
neuralpde,64,grid,10,wave,4,0.001,1938948,high,0.0006635413155891,0.0033216241281479,0.0083544226363301,0.0156696625053882,0.0236802343279123,0.0296452268958091,0.0326174534857273,0.0341994948685169,0.0362827889621257,0.0392612107098102,0.0428256765007972,0.0468868352472782,0.0516226030886173,0.0568781346082687,0.0618484877049922,0.0662047490477562,0.1905189454555511,0.2547992765903473,894.8082885742188,250.0053347418416,14.91221804298344,16,1,0:1,1e-06
neuralpde,8,grid,10,kuramotosivashinsky,4,0.001,1928578,full,0.0002152175729861,0.0015045588370412,0.0046076257713139,0.0099799195304512,0.0180489420890808,0.0294832158833742,0.0454700589179992,0.0678454488515853,0.0987935289740562,0.1401056796312332,0.1927446275949478,0.2571756541728973,0.333754152059555,0.4227845072746277,0.5241832733154297,0.6370421648025513,0.5627140402793884,0.7960625290870667,2753.91650390625,564.21050610202,269.5141261451147,16,1,0:1,1e-06
neuralpde,128,grid,10,burgers,4,0.001,1938948,medium,0.0002382329403189,0.0005722151254303,0.0011767974356189,0.002071009716019,0.0032982309348881,0.0048728487454354,0.0068410048261284,0.0092096105217933,0.0120320599526166,0.015327675268054,0.0191262885928154,0.023460479453206,0.0283534731715917,0.0338188707828521,0.039891704916954,0.0465639010071754,0.1203344017267227,0.2079042792320251,1369.640380859375,436.7470864688649,222.61073518340513,16,1,0:1,1e-06
neuralpde,128,grid,10,burgers,4,0.001,1938948,low,0.0004840071196667,0.0011846415000036,0.0022471128031611,0.0036782480310648,0.0055150729604065,0.0077813044190406,0.0104556940495967,0.0135593358427286,0.0171225443482399,0.0211468003690242,0.0256346687674522,0.0306450445204973,0.0361337922513484,0.0420844443142414,0.0484982132911682,0.0554018542170524,0.1502812653779983,0.2281747907400131,418.8918762207031,97.79691912562832,2.8794911248533115,16,1,0:1,1e-06
neuralpde,8,grid,10,wave,4,0.001,1938948,full,0.0018010188359767,0.0107404217123985,0.0263275783509016,0.0424324125051498,0.0578818134963512,0.0729113444685936,0.0855786949396133,0.0954456999897956,0.1053766757249832,0.1167163699865341,0.1277094036340713,0.1368557214736938,0.1452582776546478,0.1549875885248184,0.1663460284471511,0.1783301830291748,0.3238816857337951,0.4199175536632538,2795.00830078125,598.1100428519566,260.18805709944047,16,1,0:1,1e-06
neuralpde,64,grid,10,reactiondiffusion,4,0.001,1938948,high,0.000122213474242,0.0010675819357857,0.004227589815855,0.0106508117169141,0.0197273436933755,0.0292413309216499,0.0371069647371768,0.0426575243473053,0.0462707765400409,0.048431672155857,0.0493044257164001,0.0489399209618568,0.0477915778756141,0.0469172000885009,0.0474828407168388,0.0499186888337135,0.1320692598819732,0.2008062750101089,781.4003295898438,247.4369781094053,14.020726630870692,16,1,0:1,1e-06
neuralpde,128,grid,10,wave,4,0.001,1938948,low,0.0003687354328576,0.0015218540793284,0.0030960307922214,0.0047489702701568,0.0064218286424875,0.007861765101552,0.0089446241036057,0.0097606442868709,0.0104770036414265,0.0112098017707467,0.0119920251891016,0.0127981612458825,0.0136386333033442,0.0145259099081158,0.0154594890773296,0.0164944361895322,0.096839539706707,0.1278278678655624,416.7642517089844,97.26324183118071,5.431866607533052,16,1,0:1,1e-06
neuralpde,128,grid,10,kuramotosivashinsky,4,0.001,1928578,medium,0.0005298776086419,0.0034615928307175,0.0100690480321645,0.0212567318230867,0.0384723432362079,0.0640880763530731,0.1011357754468917,0.1522191613912582,0.2183384895324707,0.2985893487930298,0.3912675082683563,0.4948234558105469,0.6073747873306274,0.7259869575500488,0.8466130495071411,0.964884877204895,0.7389708757400513,0.9821043014526368,1373.72119140625,412.11325551949295,40.15600846235776,16,1,0:1,1e-06
neuralpde,128,grid,10,wave,4,0.001,1938948,medium,0.0005506438319571,0.0026390505954623,0.0057821385562419,0.0094245951622724,0.013464942574501,0.017708420753479,0.0220203008502721,0.0259766839444637,0.0292156934738159,0.031807892024517,0.0339443050324916,0.0357070080935955,0.0370842553675174,0.038139384239912,0.0393932610750198,0.0415389239788055,0.1574470400810241,0.2027405798435211,1369.278076171875,411.322073543773,41.653072953260654,16,1,0:1,1e-06
neuralpde,128,grid,10,reactiondiffusion,4,0.001,1938948,medium,0.0001280288997804,0.0012665785616263,0.0051654996350407,0.0130846984684467,0.024359855800867,0.0365457385778427,0.0470449104905128,0.0547223575413227,0.0600810348987579,0.0641459971666336,0.0674872174859047,0.0702226012945175,0.0723542794585228,0.0741070210933685,0.0764022395014762,0.0803660526871681,0.1897178292274475,0.2796823382377624,1362.9930419921875,436.16583192114734,223.2876137747037,16,1,0:1,1e-06
neuralpde,128,grid,10,kuramotosivashinsky,4,0.001,1928578,low,0.0031230095773935,0.0249616112560033,0.0811662748456001,0.1790419965982437,0.3167821168899536,0.4822649359703064,0.6572612524032593,0.826601505279541,0.9826049208641052,1.123173475265503,1.2477660179138184,1.3556134700775146,1.4462748765945437,1.5207576751708984,1.5814663171768188,1.6312103271484375,1.022276520729065,1.277119278907776,418.6910400390625,97.76338890104432,1.8872695639911041,16,1,0:1,1e-06
neuralpde,64,grid,10,burgers,4,0.001,1938948,high,0.000153035565745,0.0003190225106664,0.0006066429778002,0.0010448868852108,0.0016602408140897,0.0024725594557821,0.0035019691567867,0.0047667832113802,0.0062882853671908,0.0080824624747037,0.0101718129590153,0.0125638572499156,0.0152803836390376,0.0183386616408824,0.0217524357140064,0.0255399364978075,0.0910735726356506,0.1511273980140686,897.28662109375,260.1918614538711,14.643476724368488,16,1,0:1,1e-06
neuralpde,64,grid,10,advection,4,0.001,1928578,high,5.260532134343521e-07,1.1657048162305728e-06,2.036471869359957e-06,3.0406481528189038e-06,4.15487647842383e-06,5.398061148298439e-06,6.798197318858001e-06,8.391047231270932e-06,1.019139563140925e-05,1.2184773368062451e-05,1.4334512343339156e-05,1.660718953644391e-05,1.899036033137236e-05,2.1499254216905683e-05,2.4146816940628923e-05,2.6984165742760524e-05,0.0038296501152217,0.0050805546343326,897.8997192382812,248.68190610830104,14.837405920901787,16,1,0:1,1e-06
neuralpde,128,grid,10,gasdynamics,4,0.001,1959688,low,0.0053686662577092,0.0104773910716176,0.0167603138834238,0.0228165369480848,0.0288700181990861,0.0351983420550823,0.0415390841662883,0.0481377765536308,0.0550418831408023,0.0621720105409622,0.0695861056447029,0.0774918645620346,0.0856041833758354,0.0944200828671455,0.1032881587743759,0.1125444695353508,0.2263791412115097,0.3275161683559418,423.25244140625,99.49564967666,1.8534004793845527,16,1,0:1,1e-06
neuralpde,64,grid,10,kuramotosivashinsky,4,0.001,1928578,high,0.0002486962766852,0.0015762943075969,0.0046180058270692,0.0098697636276483,0.0179119817912578,0.0296199806034564,0.0464278310537338,0.0703686773777008,0.1035420671105384,0.1474252343177795,0.2027458548545837,0.2700262069702148,0.3498324751853943,0.4423993825912475,0.5470700263977051,0.6621203422546387,0.5760787129402161,0.8128432631492615,903.9482421875,269.7642296720347,10.580465173272746,16,1,0:1,1e-06
neuralpde,128,grid,10,gasdynamics,4,0.001,1959688,medium,0.0028155038598924,0.0094299539923667,0.0179888494312763,0.0273093208670616,0.0371073633432388,0.0473458804190158,0.0581130199134349,0.069511279463768,0.081701748073101,0.0948522835969924,0.1090522482991218,0.1243177056312561,0.1407869160175323,0.1584847718477249,0.177306056022644,0.1970712393522262,0.3056092262268066,0.4363537430763244,1364.951904296875,417.63728482115505,62.775049887268636,16,1,0:1,1e-06
neuralpde,64,grid,10,gasdynamics,4,0.001,1959688,high,0.0027892431244254,0.0098845474421978,0.0200892351567745,0.0320083126425743,0.0446038767695426,0.0574511773884296,0.0705033615231514,0.0837042555212974,0.0970309376716613,0.1105691418051719,0.1245109811425209,0.1389798521995544,0.1539721339941024,0.1695151776075363,0.1856425553560257,0.2023854255676269,0.3295014500617981,0.4454448819160461,890.8370971679688,245.55690088015817,11.792037177276464,16,1,0:1,1e-06
neuralpde,128,grid,10,reactiondiffusion,4,0.001,1938948,low,0.000186766294064,0.0018313253531232,0.0075273518450558,0.0189710091799497,0.0346208550035953,0.0504165291786193,0.0632476359605789,0.0730385705828666,0.0812726989388465,0.0889231488108635,0.0963980332016944,0.1042690575122833,0.1132471561431884,0.1234634295105934,0.1339646130800247,0.1430496871471405,0.2513452470302582,0.3708975911140442,441.3838806152344,105.60806237055209,1.7952204490380557,16,1,0:1,1e-06
neuralpde,128,grid,10,advection,4,0.001,1928578,low,8.832310527395748e-07,1.3578594462160254e-06,2.09530048778106e-06,2.970199602714274e-06,3.963434210163541e-06,5.014938778913347e-06,6.2184112721297424e-06,7.580692908959463e-06,9.072167813428678e-06,1.0689200280467048e-05,1.2388135473884176e-05,1.417838575434871e-05,1.6019021131796762e-05,1.797395270841662e-05,1.9979328499175608e-05,2.2168984287418425e-05,0.0035301675088703,0.0045885643921792,417.3704528808594,96.54217467114732,1.4961397212926162,16,1,0:1,1e-06
neuralpde,8,grid,10,burgers,4,0.001,1938948,full,0.0001286694605369,0.0004536850610747,0.0011392355663701,0.0022526083048433,0.0038583916611969,0.0060124993324279,0.0087537262588739,0.0121034365147352,0.0160805881023406,0.020702863112092,0.0259883143007755,0.0319486074149608,0.0385966189205646,0.0459509715437889,0.0540249943733215,0.0628245249390602,0.1326071470975875,0.2199743688106537,2766.979248046875,638.0882342339595,238.36260054111347,16,1,0:1,1e-06
persistance_cloud,64,cloud,10,kuramotosivashinsky,4,0.001,0,high,0.0922780111432075,0.3260682821273803,0.6181162595748901,0.9039800763130188,1.1501760482788086,1.3452485799789429,1.4903466701507568,1.593003749847412,1.6632311344146729,1.7109297513961792,1.7444545030593872,1.7700022459030151,1.791587233543396,1.8113878965377808,1.8302597999572756,1.8482728004455569,1.0916515588760376,1.3590168952941897,1.571313738822937,,,16,1,0:1,1e-06
persistance_cloud,32,grid,10,gasdynamics,4,0.001,0,full,0.3145796358585357,0.7462935447692871,1.13951575756073,1.470295786857605,1.7353602647781372,1.9383703470230105,2.085469007492065,2.183279275894165,2.2383008003234863,2.256587505340576,2.2437188625335693,2.204937696456909,2.144362449645996,2.063938617706299,1.9641313552856443,1.8464460372924805,1.0712714195251465,1.3547173738479614,1.916069746017456,,,16,1,0:1,1e-06
persistance_cloud,128,cloud,10,advection,4,0.001,0,medium,0.0819330438971519,0.3119280636310577,0.647441565990448,1.031777262687683,1.4093376398086548,1.7379947900772097,1.995079517364502,2.1766014099121094,2.29187560081482,2.356703519821167,2.3876492977142334,2.398587942123413,2.399510383605957,2.3967835903167725,2.394010066986084,2.39294171333313,1.1834752559661863,1.5357353687286377,1.6423803567886353,,,16,1,0:1,1e-06
persistance_cloud,128,cloud,10,wave,4,0.001,0,low,0.1455471664667129,0.5216456651687622,1.0269794464111328,1.571900725364685,2.08310341835022,2.5019564628601074,2.789282321929932,2.933928966522217,2.9551784992218018,2.8896377086639404,2.775118112564087,2.6439075469970703,2.521589756011963,2.4255855083465576,2.3630459308624268,2.329030513763428,1.2078782320022583,1.5234379768371582,1.825015425682068,,,16,1,0:1,1e-06
persistance_cloud,128,cloud,10,kuramotosivashinsky,4,0.001,0,medium,0.0922653898596763,0.3260208964347839,0.6180288195610046,0.9038701057434082,1.1500712633132937,1.3451595306396484,1.4902502298355105,1.592885136604309,1.6630710363388062,1.7107229232788086,1.744194507598877,1.7697001695632937,1.7912535667419434,1.8110276460647583,1.8298959732055664,1.847934365272522,1.0915157794952393,1.3590998649597168,1.8842260837554927,,,16,1,0:1,1e-06
persistance_cloud,64,cloud,10,advection,4,0.001,0,high,0.0819436833262443,0.3119696676731109,0.647533118724823,1.031932711601257,1.409571886062622,1.738317608833313,1.9955005645751955,2.177125930786133,2.2925076484680176,2.3574376106262207,2.388486862182617,2.399521589279175,2.4005227088928223,2.3978517055511475,2.395110845565796,2.39404559135437,1.183712363243103,1.5341205596923828,1.5112532377243042,,,16,1,0:1,1e-06
persistance_cloud,128,cloud,10,gasdynamics,4,0.001,0,low,0.3112735152244568,0.7430651783943176,1.136408448219299,1.4671248197555542,1.7320998907089231,1.9351272583007808,2.0821852684021,2.1799488067626958,2.234937906265259,2.2531471252441406,2.2401697635650635,2.201335906982422,2.140833139419556,2.0605123043060303,1.9607908725738523,1.8431483507156368,1.0704494714736938,1.355023980140686,2.0776619911193848,,,16,1,0:1,1e-06
persistance_cloud,128,cloud,10,kuramotosivashinsky,4,0.001,0,low,0.0922386348247528,0.3259295225143432,0.6178593039512634,0.9036237001419068,1.1497403383255005,1.3447412252426147,1.4897469282150269,1.5923162698745728,1.662473201751709,1.7101620435714722,1.743761658668518,1.7694828510284424,1.7913161516189575,1.811390995979309,1.8305323123931885,1.848785161972046,1.0918028354644775,1.3593648672103882,1.6126116514205933,,,16,1,0:1,1e-06
persistance_cloud,128,cloud,10,reactiondiffusion,4,0.001,0,medium,0.1135109812021255,0.4305485486984253,0.8979924321174622,1.4530891180038452,2.0364034175872803,2.596764326095581,3.090661764144897,3.4797425270080566,3.7298333644866943,3.813974142074585,3.720459938049317,3.461451292037964,3.072041273117065,2.5986993312835693,2.087754726409912,1.580407977104187,0.9902762770652772,1.2566198110580444,1.9638772010803225,,,16,1,0:1,1e-06
persistance_cloud,32,grid,10,advection,4,0.001,0,full,0.0818050503730773,0.3114442825317383,0.6464592814445496,1.030268669128418,1.4073814153671265,1.7357490062713623,1.992719054222107,2.174281597137451,2.289717435836792,2.3547885417938232,2.386016368865967,2.397240400314331,2.3984217643737797,2.3958957195281982,2.393225908279419,2.392162322998047,1.1832457780838013,1.532775640487671,1.5477180480957031,,,16,1,0:1,1e-06
persistance_cloud,64,cloud,10,wave,4,0.001,0,high,0.1454591453075409,0.5213125944137573,1.0263028144836426,1.5708452463150024,2.0816760063171387,2.500183343887329,2.787200450897217,2.9315927028656006,2.95267105102539,2.8870673179626465,2.7726283073425293,2.641645908355713,2.519707679748535,2.4241979122161865,2.362167835235596,2.328583002090454,1.207887053489685,1.5231146812438965,1.9495455026626587,,,16,1,0:1,1e-06
persistance_cloud,64,cloud,10,gasdynamics,4,0.001,0,high,0.3113512098789215,0.7432004809379578,1.1366839408874512,1.4674831628799438,1.732459306716919,1.935457468032837,2.0825812816619877,2.1804161071777344,2.235458850860596,2.2537217140197754,2.240799903869629,2.201960563659668,2.141374111175537,2.0609288215637207,1.9610934257507324,1.8433585166931152,1.0705779790878296,1.3541688919067385,2.3657336235046387,,,16,1,0:1,1e-06
persistance_cloud,128,cloud,10,burgers,4,0.001,0,low,0.0103292567655444,0.0293022226542234,0.0514067076146602,0.0749648213386535,0.0991854965686798,0.1236258298158645,0.1480211764574051,0.172202005982399,0.1960447430610656,0.2194541096687317,0.2423889338970184,0.2647897601127624,0.286610335111618,0.3078216910362243,0.3283973932266235,0.3483255207538605,0.3358545005321502,0.5474639534950256,1.868781566619873,,,16,1,0:1,1e-06
persistance_cloud,32,grid,10,burgers,4,0.001,0,full,0.0110021531581878,0.0299418307840824,0.0518854670226573,0.0752582177519798,0.0992949828505516,0.1235638111829757,0.1477967649698257,0.1718224883079528,0.1955227702856063,0.218813270330429,0.2416309267282486,0.2639244198799133,0.2856549024581909,0.3067918717861175,0.3273069560527801,0.3471862971782684,0.335289865732193,0.5057456493377686,1.7843823432922363,,,16,1,0:1,1e-06
persistance_cloud,32,grid,10,reactiondiffusion,4,0.001,0,full,0.1148937791585922,0.4345484673976898,0.9042251706123352,1.4601033926010132,2.0425257682800293,2.600829839706421,3.0923805236816406,3.479604482650757,3.728769302368164,3.81291389465332,3.720076322555542,3.462146282196045,3.073926448822021,2.601683616638184,2.0916128158569336,1.584837794303894,0.9920441508293152,1.2568801641464231,1.7123069763183594,,,16,1,0:1,1e-06
persistance_cloud,128,cloud,10,wave,4,0.001,0,medium,0.1454987376928329,0.5214648246765137,1.026612639427185,1.5713269710540771,2.082338809967041,2.5010323524475098,2.7882447242736816,2.9328255653381348,2.9540886878967285,2.888631820678711,2.774269819259644,2.643271923065185,2.521186351776123,2.425396680831909,2.363013982772827,2.329054594039917,1.2080440521240234,1.523587703704834,2.385735988616944,,,16,1,0:1,1e-06
persistance_cloud,128,cloud,10,reactiondiffusion,4,0.001,0,low,0.1134546622633934,0.4303174316883087,0.8974708318710327,1.4521691799163818,2.0349953174591064,2.5947842597961426,3.088045358657837,3.4764773845672607,3.725975513458252,3.809658288955689,3.715869426727295,3.456825256347656,3.0676097869873047,2.594676971435547,2.084315299987793,1.577678918838501,0.98976731300354,1.2553085088729858,1.892362117767334,,,16,1,0:1,1e-06
persistance_cloud,64,cloud,10,burgers,4,0.001,0,high,0.0103021208196878,0.0292468722909688,0.0512843765318393,0.0747544914484024,0.0988824144005775,0.1232311874628067,0.1475339531898498,0.1716179549694061,0.1953699588775634,0.2186973094940185,0.2415453791618347,0.2638683319091797,0.285625010728836,0.3067837059497833,0.3273152112960815,0.3472048044204712,0.3353098332881927,0.521948516368866,2.2119741439819336,,,16,1,0:1,1e-06
persistance_cloud,32,grid,10,kuramotosivashinsky,4,0.001,0,full,0.0921729356050491,0.3254923224449157,0.61665940284729,0.9014791250228882,1.1467174291610718,1.3410544395446775,1.4856418371200562,1.5879653692245483,1.657974362373352,1.7055233716964722,1.7389206886291504,1.7643331289291382,1.785766363143921,1.805416226387024,1.824171543121338,1.8421108722686768,1.0898791551589966,1.356405258178711,1.4380992650985718,,,16,1,0:1,1e-06
persistance_cloud,64,cloud,10,reactiondiffusion,4,0.001,0,high,0.113611489534378,0.430936336517334,0.898810863494873,1.4544299840927124,2.038306474685669,2.5992419719696045,3.0936994552612305,3.4832942485809326,3.7337992191314697,3.818207502365112,3.7247610092163086,3.465613603591919,3.07588005065918,2.6020617485046387,2.090529203414917,1.5825339555740356,0.9909616112709044,1.2565613985061646,1.8795353174209597,,,16,1,0:1,1e-06
persistance_cloud,128,cloud,10,gasdynamics,4,0.001,0,medium,0.3113095164299011,0.7431321144104004,1.1366149187088013,1.4674311876296997,1.7324268817901611,1.93543541431427,2.082505464553833,2.180276870727539,2.2352535724639893,2.253453016281128,2.2404661178588867,2.2016096115112305,2.141032457351685,2.0606179237365723,1.9608217477798464,1.8431156873703003,1.070468783378601,1.3550233840942385,2.522597312927246,,,16,1,0:1,1e-06
persistance_cloud,128,cloud,10,burgers,4,0.001,0,medium,0.010305643081665,0.0292353220283985,0.0512600392103195,0.0747219771146774,0.0988401621580123,0.1231739372014999,0.1474593877792358,0.1715287119150161,0.1952595114707946,0.2185630947351455,0.241391971707344,0.2636936604976654,0.2854243218898773,0.3065521419048309,0.3270498514175415,0.3469084501266479,0.3351554274559021,0.5463882684707642,2.7632737159729004,,,16,1,0:1,1e-06
persistance_cloud,32,grid,10,wave,4,0.001,0,full,0.1454181671142578,0.5211734771728516,1.0260531902313232,1.5705090761184692,2.081329584121704,2.4999301433563232,2.787127017974853,2.931759595870972,2.9530975818634038,2.8877432346343994,2.773475170135498,2.642613887786865,2.5207107067108154,2.4251654148101807,2.3630475997924805,2.329306602478028,1.2078769207000732,1.5232514142990112,1.866155028343201,,,16,1,0:1,1e-06
persistance_cloud,128,cloud,10,advection,4,0.001,0,low,0.0819980800151825,0.3121717572212219,0.6479339599609375,1.0325316190719604,1.4103162288665771,1.7391273975372314,1.9962835311889648,2.1777946949005127,2.292991876602173,2.3577005863189697,2.388490676879883,2.399275302886963,2.400069236755371,2.3972368240356445,2.3943984508514404,2.393295288085937,1.1840537786483765,1.5357500314712524,2.286447048187256,,,16,1,0:1,1e-06
persistance_grid,32,grid,10,advection,4,0.001,0,full,0.0818050503730773,0.3114442825317383,0.6464592814445496,1.030268669128418,1.4073814153671265,1.7357490062713623,1.992719054222107,2.174281597137451,2.289717435836792,2.3547885417938232,2.386016368865967,2.397240400314331,2.3984217643737797,2.3958957195281982,2.393225908279419,2.392162322998047,1.1832457780838013,1.532775640487671,1.5804598331451416,,,16,1,0:1,1e-06
persistance_grid,128,grid,10,wave,4,0.001,0,medium,0.1455922424793243,0.5217872858047485,1.0272300243377686,1.572248458862305,2.083524227142334,2.502401351928711,2.789674997329712,2.9342002868652344,2.9553208351135254,2.889700174331665,2.7752013206481934,2.644150495529175,2.5221400260925293,2.426563262939453,2.364473342895508,2.3307945728302,1.2082693576812744,1.5243229866027832,1.642425537109375,,,16,1,0:1,1e-06
persistance_grid,128,grid,10,reactiondiffusion,4,0.001,0,medium,0.1136169731616973,0.4309609830379486,0.898868978023529,1.4545315504074097,2.038469076156616,2.599484443664551,3.0940370559692383,3.483738660812378,3.734351873397827,3.8188316822052,3.725406169891357,3.466224908828736,3.076406478881836,2.602472305297852,2.090806484222412,1.5826750993728638,0.991085410118103,1.2576895952224731,2.080300807952881,,,16,1,0:1,1e-06
persistance_grid,64,grid,10,wave,4,0.001,0,high,0.1455886363983154,0.5217742919921875,1.0272043943405151,1.5722101926803589,2.083477020263672,2.502347946166992,2.789614677429199,2.934144258499145,2.9552719593048096,2.8896589279174805,2.775166273117065,2.644122362136841,2.522116184234619,2.4265379905700684,2.3644468784332275,2.330765724182129,1.2082589864730835,1.52394700050354,1.6118147373199463,,,16,1,0:1,1e-06
persistance_grid,64,grid,10,advection,4,0.001,0,high,0.0818803608417511,0.3117251396179199,0.6470206379890442,1.0311208963394165,1.4084738492965698,1.7369991540908811,1.9940497875213623,2.1756303310394287,2.2910351753234863,2.356067180633545,2.387251615524292,2.398451328277588,2.399613380432129,2.397064685821533,2.3943898677825928,2.393328666687012,1.183452010154724,1.534024715423584,1.5447431802749634,,,16,1,0:1,1e-06
persistance_grid,64,grid,10,burgers,4,0.001,0,high,0.0103065483272075,0.0292529519647359,0.0512823052704334,0.0747440084815025,0.0988550260663032,0.1231943592429161,0.1474915593862533,0.1715759932994842,0.1953284740447998,0.2186683118343353,0.2415285259485244,0.2638601660728454,0.2856240272521972,0.3067920506000519,0.3273380100727081,0.3472439646720886,0.3354414999485016,0.5220291614532471,1.5185267925262451,,,16,1,0:1,1e-06
persistance_grid,32,grid,10,reactiondiffusion,4,0.001,0,full,0.1148937791585922,0.4345484673976898,0.9042251110076904,1.4601033926010132,2.0425257682800293,2.600829601287842,3.0923805236816406,3.479604482650757,3.728769302368164,3.81291389465332,3.720076322555542,3.462146282196045,3.073926448822021,2.601683616638184,2.0916128158569336,1.584837794303894,0.9920441508293152,1.2568801641464231,1.5934196710586548,,,16,1,0:1,1e-06
persistance_grid,128,grid,10,wave,4,0.001,0,low,0.1455888599157333,0.5217753648757935,1.0272077322006226,1.5722126960754397,2.083479166030884,2.502350330352783,2.7896175384521484,2.934146881103516,2.955274105072021,2.889662742614746,2.775169134140014,2.644125461578369,2.5221166610717773,2.426543712615967,2.364447832107544,2.3307666778564453,1.2082642316818235,1.524314522743225,1.488149881362915,,,16,1,0:1,1e-06
persistance_grid,128,grid,10,gasdynamics,4,0.001,0,medium,0.3115243315696716,0.7435471415519714,1.1371855735778809,1.4680954217910769,1.7331435680389404,1.9361332654953003,2.083202362060547,2.180990934371948,2.2359769344329834,2.2542197704315186,2.241321325302124,2.2025012969970703,2.141937017440796,2.061505079269409,1.9616966247558596,1.843977451324463,1.070708394050598,1.35536789894104,1.8099437952041624,,,16,1,0:1,1e-06
persistance_grid,128,grid,10,kuramotosivashinsky,4,0.001,0,medium,0.0922957882285118,0.3261322677135467,0.6182383298873901,0.9041574597358704,1.1504114866256714,1.345555067062378,1.490723729133606,1.5934473276138306,1.6637104749679563,1.7114168405532837,1.744901418685913,1.7703675031661987,1.7918392419815063,1.8115276098251345,1.830322265625,1.8483093976974487,1.0916948318481443,1.3592727184295654,1.627930998802185,,,16,1,0:1,1e-06
persistance_grid,64,grid,10,kuramotosivashinsky,4,0.001,0,high,0.0922877192497253,0.3261071443557739,0.6181982159614563,0.90411376953125,1.1503733396530151,1.3455262184143066,1.490699052810669,1.593420147895813,1.663679122924805,1.7113730907440186,1.7448515892028809,1.770311951637268,1.791782259941101,1.8114701509475708,1.830251693725586,1.848220944404602,1.0916844606399536,1.359033703804016,1.5516812801361084,,,16,1,0:1,1e-06
persistance_grid,128,grid,10,advection,4,0.001,0,low,0.0818805024027824,0.3117254376411438,0.6470215320587158,1.031121015548706,1.4084773063659668,1.7370020151138306,1.9940478801727293,2.175628900527954,2.2910404205322266,2.356069803237915,2.387255907058716,2.3984529972076416,2.399615526199341,2.3970696926116943,2.3943915367126465,2.3933322429656982,1.183462381362915,1.5359407663345337,1.635412573814392,,,16,1,0:1,1e-06
persistance_grid,128,grid,10,reactiondiffusion,4,0.001,0,low,0.1136187091469764,0.4309658408164978,0.8988690972328186,1.4545239210128784,2.038447141647339,2.599442958831787,3.09397554397583,3.4836456775665283,3.734218835830689,3.818661689758301,3.725216627120972,3.466042280197144,3.076258659362793,2.602370500564575,2.090756416320801,1.58267080783844,0.9910930395126344,1.2576887607574463,1.5004422664642334,,,16,1,0:1,1e-06
persistance_grid,32,grid,10,gasdynamics,4,0.001,0,full,0.3145796358585357,0.7462935447692871,1.13951575756073,1.470295786857605,1.7353602647781372,1.9383703470230105,2.0854687690734863,2.183279275894165,2.2383008003234863,2.256587505340576,2.2437188625335693,2.204937696456909,2.144362449645996,2.063938617706299,1.9641313552856443,1.8464460372924805,1.0712714195251465,1.3547173738479614,1.6734615564346311,,,16,1,0:1,1e-06
persistance_grid,128,grid,10,kuramotosivashinsky,4,0.001,0,low,0.0922740697860717,0.3260561525821686,0.618087112903595,0.9039215445518494,1.150095820426941,1.3451907634735107,1.4903578758239746,1.593106985092163,1.663398504257202,1.7111207246780396,1.7446343898773191,1.7701674699783323,1.791748285293579,1.8115501403808596,1.830415725708008,1.8484158515930176,1.0918128490447998,1.3593060970306396,1.5274747610092163,,,16,1,0:1,1e-06
persistance_grid,128,grid,10,advection,4,0.001,0,medium,0.0818814858794212,0.3117291629314422,0.647028386592865,1.0311319828033447,1.4084906578063965,1.737016677856445,1.9940654039382932,2.175644874572754,2.291055202484131,2.35608458518982,2.3872687816619877,2.398466110229492,2.3996291160583496,2.3970823287963867,2.3944058418273926,2.39334487915039,1.183451771736145,1.5359442234039309,1.6992460489273071,,,16,1,0:1,1e-06
persistance_grid,64,grid,10,gasdynamics,4,0.001,0,high,0.3115026950836181,0.7435156106948853,1.137143850326538,1.468059539794922,1.733092188835144,1.9360880851745603,2.083164930343628,2.180957794189453,2.235949754714966,2.2541959285736084,2.241302967071533,2.202493190765381,2.1419060230255127,2.061470031738281,1.9616509675979612,1.84392774105072,1.0706918239593506,1.3544013500213623,1.6393522024154663,,,16,1,0:1,1e-06
persistance_grid,128,grid,10,burgers,4,0.001,0,medium,0.01031753141433,0.0292613506317138,0.0512928627431392,0.0747562274336814,0.0988752171397209,0.1232164502143859,0.1475093513727188,0.1715960502624511,0.1953479796648025,0.2186845391988754,0.2415468543767929,0.2638790011405945,0.2856437563896179,0.30681312084198,0.3273587226867676,0.3472599685192108,0.3354470729827881,0.5468990206718445,1.6718741655349731,,,16,1,0:1,1e-06
persistance_grid,128,grid,10,burgers,4,0.001,0,low,0.0103145902976393,0.029265284538269,0.0513066947460174,0.0747755393385887,0.0988944768905639,0.123236745595932,0.1475317627191543,0.1716170907020568,0.1953644603490829,0.2186950147151947,0.2415385693311691,0.2638633549213409,0.2856242954730987,0.3067837953567505,0.3273179829120636,0.3472205996513366,0.3354385495185852,0.54686439037323,1.5687462091445925,,,16,1,0:1,1e-06
persistance_grid,128,grid,10,gasdynamics,4,0.001,0,low,0.3115025460720062,0.74354487657547,1.137169361114502,1.4680798053741455,1.733130693435669,1.9361056089401243,2.08319354057312,2.180988073348999,2.2359890937805176,2.254227876663208,2.2413246631622314,2.2025105953216557,2.1419336795806885,2.0614993572235107,1.961674451828003,1.843959093093872,1.0707038640975952,1.355361819267273,1.5335099697113037,,,16,1,0:1,1e-06
persistance_grid,32,grid,10,wave,4,0.001,0,full,0.1454181671142578,0.5211734771728516,1.0260531902313232,1.5705093145370483,2.081329584121704,2.4999301433563232,2.787127017974853,2.931759595870972,2.9530975818634038,2.8877432346343994,2.773475170135498,2.642613887786865,2.5207107067108154,2.4251654148101807,2.3630475997924805,2.329306602478028,1.2078769207000732,1.5232514142990112,1.6548205614089966,,,16,1,0:1,1e-06
persistance_grid,32,grid,10,burgers,4,0.001,0,full,0.0110021531581878,0.0299418307840824,0.0518854670226573,0.0752582177519798,0.0992949828505516,0.1235638111829757,0.1477967649698257,0.1718224883079528,0.1955227255821228,0.218813270330429,0.2416309267282486,0.2639244198799133,0.2856549024581909,0.3067918717861175,0.3273069560527801,0.3471862971782684,0.335289865732193,0.5057456493377686,1.6063522100448608,,,16,1,0:1,1e-06
persistance_grid,32,grid,10,kuramotosivashinsky,4,0.001,0,full,0.0921729356050491,0.3254923224449157,0.61665940284729,0.9014791250228882,1.1467174291610718,1.3410544395446775,1.4856418371200562,1.5879653692245483,1.657974362373352,1.7055233716964722,1.7389206886291504,1.7643331289291382,1.785766363143921,1.805416226387024,1.824171543121338,1.8421108722686768,1.0898791551589966,1.356405258178711,1.6186141967773438,,,16,1,0:1,1e-06
persistance_grid,64,grid,10,reactiondiffusion,4,0.001,0,high,0.1136031597852706,0.4309116303920746,0.8987717032432556,1.4543910026550293,2.0383105278015137,2.5993363857269287,3.093901872634888,3.483627319335937,3.7342355251312256,3.8186941146850586,3.725248336791992,3.4660658836364746,3.076258659362793,2.602344512939453,2.090704917907715,1.5826029777526855,0.9910875558853148,1.256723165512085,1.6155296564102173,,,16,1,0:1,1e-06
pointgnn,64,cloud,10,kuramotosivashinsky,4,0.001,1852683,high,0.0101104639470577,0.0842002257704734,0.2560756206512451,0.495787650346756,0.7535156011581421,0.9922781586647034,1.18385648727417,1.303480863571167,1.3429733514785769,1.3214926719665527,1.2734767198562622,1.226009964942932,1.1895335912704468,1.1629509925842283,1.1411834955215454,1.1198066473007202,0.8563163876533508,1.0581717491149902,5146.357421875,1347.4244380492728,35.34706877974095,16,1,0:1,1e-06
pointgnn,128,grid,10,kuramotosivashinsky,4,0.001,1852683,low,0.0101926662027835,0.0855142921209335,0.2614564001560211,0.5055932998657227,0.7610357999801636,0.986430048942566,1.1589950323104858,1.2662630081176758,1.308095932006836,1.3008835315704346,1.2697404623031616,1.2346878051757812,1.2038651704788208,1.1765824556350708,1.1497793197631836,1.122251272201538,0.8577781319618225,1.0593465566635132,2256.642578125,330.2447022905964,11.749441773336684,16,1,10:1,1e-06
pointgnn,128,grid,10,gasdynamics,4,0.001,1854606,medium,0.182727426290512,0.4357125163078308,0.6597850322723389,0.8150932192802429,0.925627827644348,1.0137773752212524,1.0775306224822998,1.1073241233825684,1.112111210823059,1.1164082288742063,1.1341251134872437,1.1630042791366575,1.1939061880111694,1.2199058532714844,1.239499568939209,1.2536040544509888,0.8956263065338135,1.1195203065872192,8201.875,1016.9537415697831,19.041495105194457,16,1,10:2,1e-06
pointgnn,128,cloud,10,reactiondiffusion,4,0.001,1853324,medium,0.0001291349472012,0.0017438408685848,0.0090554114431142,0.0275790560990571,0.0578150637447834,0.0923837646842002,0.1231698021292686,0.148088052868843,0.1689401268959045,0.1875778436660766,0.2055107504129409,0.2249330133199691,0.2485225200653076,0.2774908244609833,0.310053139925003,0.3415731489658355,0.4103531837463379,0.5809820294380188,8182.53515625,1019.59278420841,30.845571909317737,16,1,0:2,1e-06
pointgnn,128,grid,10,reactiondiffusion,4,0.001,1853324,medium,0.0001690842327661,0.0022424741182476,0.0114013133570551,0.0348205901682376,0.0765223503112793,0.1333491951227188,0.1964756548404693,0.2565339207649231,0.3063874244689941,0.3410379886627197,0.3582770526409149,0.3612198531627655,0.3584079444408417,0.360166072845459,0.3746443688869476,0.4037102460861206,0.4511711597442627,0.6324641108512878,8184.89013671875,1015.5211097230302,18.99450153589954,16,1,10:2,1e-06
pointgnn,128,grid,10,advection,4,0.001,1852683,low,0.0002091353526338,0.0039853164926171,0.025705263018608,0.0936241298913955,0.2340436577796936,0.4450124204158783,0.6874949932098389,0.9063034653663636,1.061132311820984,1.141934871673584,1.163901925086975,1.1533693075180054,1.134738802909851,1.1225488185882568,1.1199829578399658,1.12263286113739,0.8037474155426025,1.0531666278839111,2227.45361328125,328.8295816992574,11.364772451424384,16,1,10:1,1e-06
pointgnn,128,grid,10,reactiondiffusion,4,0.001,1853324,low,0.0001329720398643,0.0017058756202459,0.0084343971684575,0.0248457938432693,0.0520139634609222,0.086903803050518,0.1258396506309509,0.1646676510572433,0.1965593695640564,0.2153664827346801,0.221915066242218,0.2243619114160537,0.2325272411108017,0.2527978420257568,0.286675363779068,0.3310416936874389,0.4230293929576874,0.5704100131988525,2257.801025390625,358.2795943233709,16.242878461050154,16,1,10:1,1e-06
pointgnn,128,cloud,10,wave,4,0.001,1853324,low,0.0030036044772714,0.0253403969109058,0.0830775201320648,0.1619025617837906,0.2393543571233749,0.3152375817298889,0.4004521667957306,0.4997158348560333,0.6127752065658569,0.7329570651054382,0.8437603712081909,0.9305394291877748,0.9984835982322692,1.0634177923202517,1.1349717378616333,1.2082417011260986,0.861811101436615,1.0973879098892212,2820.667724609375,782.7332527706291,16.58340587911595,16,1,0:1,1e-06
pointgnn,64,grid,10,kuramotosivashinsky,4,0.001,1852683,high,0.0100005939602851,0.0825702250003814,0.247966781258583,0.4705580770969391,0.6934329271316528,0.8790212273597717,1.0167348384857178,1.11343252658844,1.181004285812378,1.2277494668960571,1.2564010620117188,1.2674641609191897,1.263471007347107,1.2500743865966797,1.2336570024490356,1.2183445692062378,0.8910371661186218,1.1037272214889526,7552.49951171875,936.7078181534325,5.698724154885878,16,1,10:2,1e-06
pointgnn,128,cloud,10,reactiondiffusion,4,0.001,1853324,low,0.0001373720588162,0.0018581555923447,0.0095221539959311,0.028625139966607,0.0598220117390155,0.0956436619162559,0.126087486743927,0.1469717919826507,0.1606413275003433,0.1710492223501205,0.1811342686414718,0.1932946890592575,0.2100452035665512,0.2336111366748809,0.2639794945716858,0.2962571084499359,0.3875226974487304,0.5391392111778259,2675.298828125,797.9446574065249,26.49171591737645,16,1,0:1,1e-06
pointgnn,128,cloud,10,gasdynamics,4,0.001,1854606,low,0.1845013052225113,0.4487988948822021,0.6809327602386475,0.8471961617469788,0.9624085426330566,1.0414140224456787,1.0882489681243896,1.1065211296081543,1.1067214012145996,1.1053203344345093,1.1133698225021362,1.1306910514831543,1.1503326892852783,1.1668232679367063,1.1793596744537354,1.1901007890701294,0.8754978775978088,1.090811848640442,2820.19189453125,807.6282216648435,20.61867043257262,16,1,0:1,1e-06
pointgnn,64,grid,10,reactiondiffusion,4,0.001,1853324,high,0.0001240263809449,0.0016883229836821,0.0088591435924172,0.0279512666165828,0.0627716705203056,0.1119608506560325,0.1727505922317505,0.2418866902589798,0.3107815384864807,0.3665287494659424,0.4023415148258209,0.4271301925182342,0.4615397155284881,0.5202233195304871,0.5985727310180664,0.6788177490234375,0.6272448301315308,0.8227580785751343,7535.4140625,936.5177427299237,6.504237828523638,16,1,10:2,1e-06
pointgnn,8,grid,10,kuramotosivashinsky,4,0.001,1852683,full,0.0101057775318622,0.0841886773705482,0.2566693127155304,0.4972850680351257,0.7524557709693909,0.9838273525238036,1.173644781112671,1.3178815841674805,1.4218448400497437,1.495391607284546,1.5466364622116089,1.5774574279785156,1.583792805671692,1.5619834661483765,1.5149524211883545,1.451241970062256,0.9737851023674012,1.204149842262268,2337.536376953125,536.2764744977615,1.843949203170341,16,1,0:1,1e-06
pointgnn,128,grid,10,burgers,4,0.001,1853324,medium,0.0047226687893271,0.0154591323807835,0.0301331616938114,0.0472362264990806,0.0660046711564064,0.08610200881958,0.1075426116585731,0.1306167542934417,0.1557108163833618,0.1829460263252258,0.2121531665325164,0.2429265528917312,0.2745765149593353,0.3061875998973846,0.3369183242321014,0.3661427795886993,0.3784528970718384,0.5879908800125122,8205.5458984375,1017.0179535221588,17.296620582800347,16,1,10:2,1e-06
pointgnn,64,cloud,10,gasdynamics,4,0.001,1854606,high,0.2027309238910675,0.4637945592403412,0.683538556098938,0.8325332999229431,0.9295549392700196,0.992268204689026,1.029083490371704,1.0486901998519895,1.0624366998672483,1.0770071744918823,1.0914442539215088,1.104149580001831,1.1172144412994385,1.1311280727386477,1.143235445022583,1.1508243083953855,0.8626764416694641,1.0726033449172974,5145.61474609375,1350.1678972990317,59.31601980994208,16,1,0:1,1e-06
pointgnn,128,cloud,10,kuramotosivashinsky,4,0.001,1852683,medium,0.0100448401644825,0.0830111354589462,0.2499631643295288,0.4773395955562591,0.7132604718208313,0.9252080917358398,1.098998785018921,1.2244325876235962,1.293734073638916,1.3132530450820925,1.304134964942932,1.287283182144165,1.2727057933807373,1.260281324386597,1.245164394378662,1.222366452217102,0.892503023147583,1.1055525541305542,8172.73681640625,1045.1131364410999,209.72496760428893,16,1,0:2,1e-06
pointgnn,64,grid,10,burgers,4,0.001,1853324,high,0.0048027746379375,0.0160811450332403,0.0332501046359539,0.0626062899827957,0.1149001121520996,0.1883222013711929,0.2685387730598449,0.3442564904689789,0.4117080569267273,0.4705829322338104,0.5221853256225586,0.568687379360199,0.6119390726089478,0.6526703834533691,0.691165566444397,0.7276778221130371,0.4972318112850189,0.7898844480514526,7553.94873046875,940.3982067823628,9.660993481207392,16,1,10:2,1e-06
pointgnn,128,grid,10,wave,4,0.001,1853324,low,0.0028111489955335,0.0228139217942953,0.0713924244046211,0.141805499792099,0.21839040517807,0.2969788908958435,0.380355566740036,0.4703496694564819,0.5743381977081299,0.6919460296630859,0.8064210414886475,0.9042097330093384,0.989851713180542,1.0716707706451416,1.152088284492493,1.2295081615447998,0.866405725479126,1.1072509288787842,2262.5986328125,327.4531835121821,12.80082272070233,16,1,10:1,1e-06
pointgnn,128,grid,10,gasdynamics,4,0.001,1854606,low,0.2049405872821808,0.4925770163536072,0.7555068731307983,0.9421147704124452,1.0707656145095823,1.1556084156036377,1.1979851722717283,1.207161545753479,1.2009845972061155,1.193505883216858,1.1906269788742063,1.1934314966201782,1.2019338607788086,1.2164992094039917,1.235816240310669,1.2559821605682373,0.895190954208374,1.1205781698226929,2256.089111328125,347.73233000833545,23.2116198222617,16,1,10:1,1e-06
pointgnn,8,grid,10,advection,4,0.001,1852683,full,0.000202959505259,0.0038833275903016,0.0251385942101478,0.0919297337532043,0.2308187037706375,0.4409109652042389,0.6845811605453491,0.9078934788703918,1.0716917514801023,1.1668754816055298,1.208425998687744,1.2207926511764526,1.2254239320755005,1.2347455024719238,1.2515666484832764,1.2722232341766355,0.8635764718055725,1.1158056259155271,2343.23974609375,536.3318262523437,2.7800170710767285,16,1,0:1,1e-06
pointgnn,128,cloud,10,wave,4,0.001,1853324,medium,0.0023652524687349,0.0197901390492916,0.0633087828755378,0.1251962929964065,0.1901787370443344,0.2567452490329742,0.3345950543880462,0.4262267053127289,0.5293648838996887,0.6413403153419495,0.7525861263275146,0.8520805239677429,0.9391493797302246,1.019681692123413,1.0977039337158203,1.172314167022705,0.8419948220252991,1.0814881324768066,8185.5654296875,1021.0729621438419,44.57644134212083,16,1,0:2,1e-06
pointgnn,64,cloud,10,burgers,4,0.001,1853324,high,0.0052857901901006,0.0171452108770608,0.0327027961611747,0.0506438426673412,0.0703097358345985,0.0913228541612625,0.1134297847747802,0.1363935619592666,0.1599485278129577,0.1838051378726959,0.2077005058526992,0.2313822507858276,0.2546636164188385,0.2774468958377838,0.2997066676616668,0.3214657604694366,0.334407091140747,0.5171144604682922,5144.14501953125,1327.2175825287022,33.861126165884045,16,1,0:1,1e-06
pointgnn,64,grid,10,advection,4,0.001,1852683,high,0.0002121497964253,0.0040650418959558,0.0263320170342922,0.096242606639862,0.2412658184766769,0.4596856236457824,0.711045503616333,0.938002586364746,1.0995463132858276,1.1875357627868652,1.219956636428833,1.2238048315048218,1.2212131023406982,1.223891019821167,1.2343380451202393,1.249687671661377,0.8597900867462158,1.10608971118927,7533.94921875,935.6126318450792,6.470733529379809,16,1,10:2,1e-06
pointgnn,64,cloud,10,advection,4,0.001,1852683,high,0.000203267802135,0.0038803864736109,0.0250648446381092,0.0913666188716888,0.2283460050821304,0.4334626197814941,0.6676741242408752,0.8773629069328308,1.0263315439224243,1.110095500946045,1.14714515209198,1.1614588499069214,1.1702677011489868,1.1808351278305054,1.193342685699463,1.205454707145691,0.8328751921653748,1.0892006158828735,5137.3076171875,1343.189107455577,36.32471143509039,16,1,0:1,1e-06
pointgnn,128,grid,10,wave,4,0.001,1853324,medium,0.00270064198412,0.0232947412878274,0.0816791355609893,0.1810072511434555,0.3050917088985443,0.4386471807956695,0.5828630924224854,0.7385776042938232,0.8993740677833557,1.0635325908660889,1.2291938066482544,1.383347988128662,1.5084253549575806,1.5980573892593384,1.661929488182068,1.7155624628067017,1.029686450958252,1.3076236248016355,8209.2333984375,1016.9250744266769,17.981233071021233,16,1,10:2,1e-06
pointgnn,64,cloud,10,reactiondiffusion,4,0.001,1853324,high,0.000151199157699,0.0018446546746417,0.0086879506707191,0.0245887711644172,0.050296563655138,0.0823816582560539,0.1154600605368614,0.1452439427375793,0.16970756649971,0.1883344799280166,0.2016135156154632,0.211439624428749,0.2208419740200042,0.2329866141080856,0.2503231763839721,0.2733693420886993,0.3704296946525574,0.501315176486969,5148.7958984375,1347.346432436148,27.941876429173327,16,1,0:1,1e-06
pointgnn,8,grid,10,wave,4,0.001,1853324,full,0.0025789674837142,0.0219293516129255,0.0815477445721626,0.1722095906734466,0.2621731162071228,0.3460676372051239,0.4464111924171448,0.5732267498970032,0.7164456844329834,0.8776078224182129,1.062335729598999,1.248550534248352,1.4118423461914062,1.5584685802459717,1.7026708126068115,1.8438485860824585,1.0626097917556765,1.3540220260620115,2506.0263671875,534.935202707963,12.988041758796296,16,1,0:1,1e-06
pointgnn,128,grid,10,advection,4,0.001,1852683,medium,0.0002061236009467,0.0039419718086719,0.0255087092518806,0.0932704359292984,0.2343398928642273,0.4485688209533691,0.6990591287612915,0.93138325214386,1.1032156944274902,1.2006666660308838,1.236213207244873,1.2362569570541382,1.2263681888580322,1.2208038568496704,1.2210135459899902,1.2218531370162964,0.8456609845161438,1.0967069864273071,8182.3857421875,1020.9613076760282,20.43762886501041,16,1,10:2,1e-06
pointgnn,64,grid,10,wave,4,0.001,1853324,high,0.0025606495328247,0.0216829888522624,0.0688851922750473,0.1357572078704834,0.2060760855674743,0.2792166173458099,0.3623091578483581,0.4559505879878998,0.5618459582328796,0.6778438091278076,0.7902807593345642,0.8868987560272217,0.9690176844596864,1.0425771474838257,1.1112207174301147,1.1760821342468262,0.8486098647117615,1.081541657447815,7537.70751953125,936.9651490855591,5.753036276133204,16,1,10:2,1e-06
pointgnn,64,grid,10,gasdynamics,4,0.001,1854606,high,0.1861292272806167,0.4365493655204773,0.6627084612846375,0.8272125124931335,0.9411894083023072,1.0247427225112915,1.087883472442627,1.129186511039734,1.153700351715088,1.1737865209579468,1.1992510557174685,1.2303006649017334,1.2594012022018433,1.279804825782776,1.2876527309417725,1.2860417366027832,0.9058803915977478,1.1337757110595703,7548.072265625,936.9745914308306,6.6775501982833765,16,1,10:2,1e-06
pointgnn,8,grid,10,burgers,4,0.001,1853324,full,0.0060166446492075,0.0176680032163858,0.0328519456088542,0.0508083999156951,0.0714153572916984,0.0947671085596084,0.1210064366459846,0.1502556949853897,0.1826308667659759,0.2182296067476272,0.2571138441562652,0.2992874383926391,0.3447181582450866,0.3932781517505646,0.4447242319583893,0.4987415373325348,0.4921027719974518,0.6526796817779541,2505.512939453125,533.6639682495138,20.7909371185949,16,1,0:1,1e-06
pointgnn,128,cloud,10,advection,4,0.001,1852683,low,0.0002233913110103,0.0042609646916389,0.0274674911051988,0.0999573320150375,0.2496577054262161,0.4741239249706268,0.7307664155960083,0.9589476585388184,1.1140908002853394,1.1860942840576172,1.1946767568588257,1.1721969842910769,1.1465983390808103,1.132092833518982,1.1293514966964722,1.1318461894989014,0.8010686635971069,1.0586938858032229,2689.92041015625,806.4022675496573,21.644146321937413,16,1,0:1,1e-06
pointgnn,128,cloud,10,burgers,4,0.001,1853324,medium,0.0046880538575351,0.0152859445661306,0.029577212408185,0.046092715114355,0.0643043518066406,0.0839339718222618,0.1048887223005294,0.1271139830350875,0.1505409628152847,0.1750448346138,0.2004752308130264,0.2266251742839813,0.2532761693000793,0.2801729440689087,0.3070797920227051,0.333891749382019,0.3957225382328033,0.5636321306228638,8185.29345703125,1020.4664462220435,33.80538811115851,16,1,0:2,1e-06
pointgnn,8,grid,10,reactiondiffusion,4,0.001,1853324,full,0.0002353775780647,0.0030972363892942,0.0173128899186849,0.0650714263319969,0.1924541145563125,0.4574610590934753,0.8404389023780823,1.178096055984497,1.310021996498108,1.2697510719299316,1.2480026483535769,1.4096781015396118,1.8126165866851809,2.490789890289306,3.475950241088867,4.592018127441406,1.7653006315231323,2.1359643936157227,2347.729248046875,536.8482303328898,2.5378842708237865,16,1,0:1,1e-06
pointgnn,128,cloud,10,kuramotosivashinsky,4,0.001,1852683,low,0.0101223103702068,0.0840005651116371,0.2544357180595398,0.4888590276241302,0.7338302731513977,0.9534242749214172,1.1299899816513062,1.2527642250061035,1.3169653415679932,1.330575466156006,1.31244957447052,1.2811944484710691,1.2469534873962402,1.2119812965393066,1.1756500005722046,1.1385018825531006,0.86325603723526,1.0669435262680054,2678.3779296875,784.8703731016859,17.451094008829678,16,1,0:1,1e-06
pointgnn,128,cloud,10,gasdynamics,4,0.001,1854606,medium,0.1864285469055175,0.4442734718322754,0.6606292128562927,0.8053308129310608,0.9026395678520204,0.97181636095047,1.018086314201355,1.044056057929993,1.0579806566238403,1.070400357246399,1.0864595174789429,1.106273174285889,1.1270382404327393,1.144713282585144,1.1564065217971802,1.1618443727493286,0.8630656003952026,1.0777380466461182,8167.55078125,2006.694946486017,366.28376361170933,16,1,0:2,1e-06
pointgnn,128,cloud,10,advection,4,0.001,1852683,medium,0.0002137183910235,0.0040558935143053,0.0260183345526456,0.0942389667034149,0.2342850267887115,0.4428613483905792,0.6794521808624268,0.8881427645683289,1.0299001932144165,1.098386287689209,1.1130644083023071,1.1019843816757202,1.087579607963562,1.0808032751083374,1.0823218822479248,1.0872758626937866,0.7856894731521606,1.0369329452514648,8169.08935546875,1043.3696193321077,204.49056098722895,16,1,0:2,1e-06
pointgnn,64,cloud,10,wave,4,0.001,1853324,high,0.0025066719390451,0.0209557060152292,0.0714937672019004,0.1528557538986206,0.2418892085552215,0.3217970728874206,0.4061572253704071,0.5084636807441711,0.6222118139266968,0.739493727684021,0.8588850498199463,0.9744685888290404,1.0744911432266235,1.1544106006622314,1.222302794456482,1.2871078252792358,0.8830743432044983,1.133056402206421,5146.5625,1350.8464770419139,33.883631281683506,16,1,0:1,1e-06
pointgnn,128,cloud,10,burgers,4,0.001,1853324,low,0.0052502159960567,0.0169143695384264,0.032230719923973,0.0499357841908931,0.0692242458462715,0.0895459502935409,0.110579527914524,0.1321330815553665,0.1540299952030182,0.17611725628376,0.1982873678207397,0.2204116582870483,0.2423880100250244,0.2641423642635345,0.2856168746948242,0.3067697584629059,0.313602089881897,0.5218453407287598,2695.05078125,790.2648231237885,23.28030046016274,16,1,0:1,1e-06
pointgnn,8,grid,10,gasdynamics,4,0.001,1854606,full,0.1847400218248367,0.426114022731781,0.6438772678375244,0.8101821541786194,0.9266176819801332,1.0044033527374268,1.0557998418807983,1.0913680791854858,1.1188534498214722,1.146259903907776,1.1787818670272827,1.2151955366134644,1.2482430934906006,1.269159913063049,1.2755190134048462,1.2734487056732178,0.8976186513900757,1.128079891204834,2336.895263671875,524.83297162369,39.22371388257485,16,1,0:1,1e-06
pointgnn,128,grid,10,kuramotosivashinsky,4,0.001,1852683,medium,0.010540509596467,0.0891628265380859,0.2753192782402038,0.5374760627746582,0.8152830600738525,1.061401128768921,1.2454785108566284,1.3525458574295044,1.3857635259628296,1.3642187118530271,1.314742922782898,1.259434938430786,1.2089935541152954,1.1659165620803833,1.1308006048202517,1.104936957359314,0.8512219190597534,1.051156520843506,8213.6064453125,1017.5447703443875,18.643767217421843,16,1,10:2,1e-06
pointgnn,128,grid,10,burgers,4,0.001,1853324,low,0.0050206067971885,0.0161874201148748,0.0308609344065189,0.048033732920885,0.0672909244894981,0.0884332954883575,0.1114440262317657,0.1363156139850616,0.1630259305238723,0.1914934813976287,0.2215879261493683,0.2531564831733703,0.2860153317451477,0.3199779391288757,0.3548618257045746,0.3904907703399658,0.4194097816944122,0.6058099865913391,2383.375,332.0785544365258,15.808364522632331,16,1,10:1,1e-06
pointnet,128,grid,10,advection,4,0.001,1977345,medium,1.0005978345870972,1.0005979537963867,1.0005980730056765,1.0005980730056765,1.0005980730056765,1.0005978345870972,1.0005974769592283,1.0005978345870972,1.0005974769592283,1.00059711933136,1.0005970001220703,1.0005970001220703,1.00059711933136,1.0005966424942017,1.0005967617034912,1.000597357749939,0.7245482206344604,1.0002975463867188,4825.30224609375,699.726455640892,17.54633738070356,16,1,10:2,1e-06
pointnet,64,cloud,10,advection,4,0.001,1977345,high,1.0007911920547483,1.0008312463760376,1.0008710622787476,1.0009015798568726,1.0009117126464844,1.0009006261825562,1.000876784324646,1.0008492469787598,1.0008254051208496,1.0008060932159424,1.0007845163345337,1.000759243965149,1.0007336139678955,1.0007156133651731,1.000712513923645,1.0007209777832031,0.7246658802032471,1.0003033876419067,3256.271484375,1060.7692489549813,21.069315136970946,16,1,0:1,1e-06
pointnet,64,cloud,10,wave,4,0.001,1978626,high,0.999894082546234,0.9999127984046936,0.999923825263977,0.9999321699142456,0.9999378323554992,0.9999436736106871,0.9999504685401917,0.999954342842102,0.9999586939811708,0.9999595880508424,0.9999574422836304,0.9999568462371826,0.9999542236328124,0.9999573230743408,0.9999606013298036,0.9999613761901855,0.8040242791175842,0.999925971031189,3267.7197265625,1068.150063933911,29.22842144289289,16,1,0:1,1e-06
pointnet,128,cloud,10,reactiondiffusion,4,0.001,1978626,low,0.9967369437217712,0.9977108240127563,0.9983944296836852,0.9987972378730774,0.9990530610084534,0.9992433190345764,0.9993948936462402,0.9995110034942628,0.9995991587638856,0.9996598362922668,0.99969744682312,0.9997204542160034,0.9997379183769226,0.999755859375,0.9997724294662476,0.9997857809066772,0.8027234673500061,0.9996079802513124,1897.80322265625,668.1924338703624,17.182961600062306,16,1,0:1,1e-06
pointnet,64,grid,10,advection,4,0.001,1977345,high,1.0005871057510376,1.0005871057510376,1.0005868673324585,1.0005871057510376,1.0005871057510376,1.0005872249603271,1.0005873441696167,1.0005872249603271,1.0005873441696167,1.0005873441696167,1.0005871057510376,1.0005871057510376,1.000586986541748,1.000586986541748,1.0005873441696167,1.0005871057510376,0.7245430946350098,1.0002858638763428,3400.22998046875,634.078262055078,4.6171881490248445,16,1,10:2,1e-06
pointnet,128,grid,10,wave,4,0.001,1978626,medium,1.0008078813552856,1.0008082389831543,1.000807523727417,1.0008071660995483,1.0008068084716797,1.0008071660995483,1.000807523727417,1.000807762145996,1.0008074045181274,1.0008070468902588,1.0008070468902588,1.000807523727417,1.0008076429367063,1.0008070468902588,1.0008070468902588,1.000807285308838,0.8043825626373291,1.0004026889801023,4099.13232421875,699.5780594760316,12.922019154853563,16,1,10:2,1e-06
pointnet,64,cloud,10,burgers,4,0.001,1978626,high,0.9995265007019044,0.9995254874229432,0.9995344281196594,0.999544620513916,0.9995601177215576,0.9995719194412231,0.9995819926261902,0.9995874166488647,0.9995954632759094,0.9995900392532348,0.9995837211608888,0.9995765686035156,0.999571681022644,0.999561369419098,0.9995494484901428,0.9995356202125548,0.8438602089881897,0.9996749758720398,2780.247802734375,1051.0295709025684,24.2484523417164,16,1,0:1,1e-06
pointnet,128,cloud,10,gasdynamics,4,0.001,1981188,low,0.9987196326255798,0.9987223744392396,0.9987247586250304,0.9987246990203856,0.9987331032752992,0.998732566833496,0.9987346529960632,0.9987507462501526,0.9987735152244568,0.9987937211990356,0.998799443244934,0.9987906217575072,0.9988002181053162,0.9988186955451964,0.9988255500793456,0.9988343715667723,0.8040592670440674,0.999359130859375,1821.8421630859373,653.5792038955237,17.28498417783011,16,1,0:1,1e-06
pointnet,128,cloud,10,kuramotosivashinsky,4,0.001,1977345,medium,1.0031806230545044,1.0031930208206177,1.0032047033309937,1.003215193748474,1.0032252073287964,1.0032306909561155,1.0032296180725098,1.0032345056533811,1.0032473802566528,1.0032649040222168,1.0032813549041748,1.0032960176467896,1.0033092498779297,1.0033141374588013,1.003306865692139,1.0032954216003418,0.8134165406227112,1.00162672996521,3692.37939453125,697.5974527994791,62.669203931982935,16,1,0:2,1e-06
pointnet,64,grid,10,reactiondiffusion,4,0.001,1978626,high,0.9988162517547609,0.9998283982276917,1.000545620918274,1.000967264175415,1.00122332572937,1.001409888267517,1.001572847366333,1.0017292499542236,1.0018683671951294,1.0019843578338623,1.0020672082901,1.0021251440048218,1.0021588802337646,1.002181887626648,1.0021960735321045,1.0022094249725342,0.803665280342102,1.0011041164398191,3457.279541015625,642.7201842249767,4.887537973240415,16,1,10:2,1e-06
pointnet,64,cloud,10,gasdynamics,4,0.001,1981188,high,0.9977829456329346,0.9977810978889464,0.9977821111679076,0.997776448726654,0.9977691173553468,0.9977596402168274,0.9977480173110962,0.9977450370788574,0.9977425336837769,0.9977450370788574,0.9977407455444336,0.9977286458015442,0.9977259039878844,0.9977235794067384,0.9977176189422609,0.997717022895813,0.8036490678787231,0.9988386631011964,3251.23974609375,1058.7049151312322,67.08034698365486,16,1,0:1,1e-06
pointnet,128,cloud,10,burgers,4,0.001,1978626,low,1.0014599561691284,1.0014317035675049,1.0014383792877195,1.0014609098434448,1.0014911890029907,1.0015136003494265,1.0015294551849363,1.0015469789505005,1.001562237739563,1.0015645027160645,1.0015732049942017,1.0015835762023926,1.0015891790390017,1.0015896558761597,1.0015803575515747,1.0015642642974854,0.8449145555496216,1.0005213022232056,1884.2294921875,667.9711604935561,11.466808365971024,16,1,0:1,1e-06
pointnet,128,grid,10,kuramotosivashinsky,4,0.001,1977345,low,1.0033334493637085,1.0033090114593506,1.0032844543457031,1.0032551288604736,1.003217697143555,1.0031803846359253,1.003151297569275,1.0031275749206543,1.0031132698059082,1.003101468086243,1.0030934810638428,1.0030864477157593,1.003081202507019,1.0030800104141235,1.0030771493911743,1.0030665397644043,0.8132907748222351,1.0015289783477783,1138.242431640625,210.81971631009884,10.659926982499133,16,1,10:1,1e-06
pointnet,128,cloud,10,wave,4,0.001,1978626,medium,1.0003141164779663,1.0003106594085691,1.0003081560134888,1.00030779838562,1.0003060102462769,1.000300407409668,1.0002968311309814,1.0002930164337158,1.0002868175506592,1.0002849102020264,1.000285029411316,1.0002857446670532,1.0002892017364502,1.0002920627593994,1.0002981424331665,1.0003029108047483,0.804130494594574,1.000071406364441,3804.64599609375,706.4184905407476,38.36435625329351,16,1,0:2,1e-06
pointnet,128,grid,10,gasdynamics,4,0.001,1981188,low,0.9989460110664368,0.9989443421363832,0.998936116695404,0.9989340901374816,0.9989320635795592,0.9989277124404908,0.9989267587661744,0.998920440673828,0.9989227056503296,0.9989120960235596,0.9989081621170044,0.998910129070282,0.9989056587219238,0.9989134669303894,0.998909056186676,0.9989118576049804,0.8040080666542053,0.99945467710495,1156.396240234375,210.80092646693504,9.939140295970002,16,1,10:1,1e-06
pointnet,128,grid,10,reactiondiffusion,4,0.001,1978626,low,0.9988551735877992,0.999869167804718,1.0005961656570437,1.0010170936584473,1.0012619495391846,1.0014252662658691,1.001563310623169,1.0017012357711792,1.001835584640503,1.0019495487213137,1.0020302534103394,1.0020755529403689,1.0020971298217771,1.0021049976348877,1.0021085739135742,1.0021147727966309,0.8036335110664368,1.0010520219802856,1333.3145751953125,210.8244265249996,13.748559755639652,16,1,10:1,1e-06
pointnet,64,grid,10,kuramotosivashinsky,4,0.001,1977345,high,1.0032587051391602,1.003238320350647,1.0032192468643188,1.0031986236572266,1.003176212310791,1.003153920173645,1.0031323432922363,1.003110408782959,1.003089189529419,1.0030725002288818,1.003056287765503,1.0030437707901,1.0030333995819092,1.003025770187378,1.0030207633972168,1.0030165910720823,0.813268780708313,1.0015077590942385,3405.589111328125,629.8486895426009,5.373760033936238,16,1,10:2,1e-06
pointnet,128,grid,10,burgers,4,0.001,1978626,low,1.0004165172576904,1.0004322528839111,1.0004549026489258,1.0004802942276,1.0005016326904297,1.0005208253860474,1.0005388259887695,1.000558376312256,1.0005738735198977,1.000586748123169,1.000596046447754,1.0006091594696045,1.0006226301193235,1.0006325244903564,1.000636100769043,1.0006450414657593,0.8445571064949036,1.0003234148025513,1152.251953125,195.88260430769486,11.8395053156627,16,1,10:1,1e-06
pointnet,128,grid,10,reactiondiffusion,4,0.001,1978626,medium,0.9988754987716676,0.999878704547882,1.0005924701690674,1.001012682914734,1.001270055770874,1.0014525651931765,1.0016088485717771,1.0017563104629517,1.0018987655639648,1.0020159482955933,1.0021003484725952,1.002153396606445,1.0021889209747314,1.0022149085998535,1.0022350549697876,1.0022486448287964,0.8036656975746155,1.0011234283447266,5050.51318359375,703.6437537972496,12.902849698801896,16,1,10:2,1e-06
pointnet,64,grid,10,burgers,4,0.001,1978626,high,1.0004032850265503,1.0004239082336426,1.0004476308822632,1.0004736185073853,1.0004931688308716,1.0005134344100952,1.0005310773849487,1.0005483627319336,1.000566005706787,1.0005818605422974,1.0005950927734375,1.000607132911682,1.000616192817688,1.000626564025879,1.0006349086761477,1.0006433725357056,0.8445596098899841,1.000316500663757,3703.8740234375,644.3904060294074,6.669637457252055,16,1,10:2,1e-06
pointnet,128,grid,10,advection,4,0.001,1977345,low,1.0005900859832764,1.000590205192566,1.0005900859832764,1.000590205192566,1.0005900859832764,1.000590205192566,1.0005900859832764,1.0005900859832764,1.0005900859832764,1.0005900859832764,1.0005900859832764,1.0005900859832764,1.0005900859832764,1.000590205192566,1.000590205192566,1.000590205192566,0.7245362401008606,1.000293850898743,1224.105712890625,197.42919942583356,11.823575855609702,16,1,10:1,1e-06
pointnet,128,cloud,10,wave,4,0.001,1978626,low,1.0005942583084106,1.0005747079849243,1.000562071800232,1.0005615949630735,1.000558853149414,1.0005531311035156,1.000550389289856,1.0005500316619873,1.0005595684051514,1.0005754232406616,1.0005909204483032,1.0005995035171509,1.0006054639816284,1.0006219148635864,1.0006434917449951,1.000658631324768,0.804151177406311,1.000158190727234,1807.2109375,648.0473641081861,9.873139909781864,16,1,0:1,1e-06
pointnet,128,grid,10,kuramotosivashinsky,4,0.001,1977345,medium,1.0033084154129028,1.0032896995544434,1.003270387649536,1.0032501220703125,1.0032304525375366,1.0032103061676023,1.003190279006958,1.003169298171997,1.0031477212905884,1.0031274557113647,1.0031089782714844,1.0030949115753174,1.0030843019485474,1.0030763149261477,1.0030728578567505,1.0030674934387207,0.8132885694503784,1.0015321969985962,4824.59619140625,689.279944156163,12.617586881098667,16,1,10:2,1e-06
pointnet,128,cloud,10,burgers,4,0.001,1978626,medium,0.9993985891342164,0.999381422996521,0.9993821382522584,0.999391496181488,0.9994085431098938,0.999419629573822,0.9994286298751832,0.9994379878044128,0.999442994594574,0.9994419813156128,0.9994434118270874,0.9994438290596008,0.9994428157806396,0.9994377493858336,0.9994245171546936,0.9994071125984192,0.8439247012138367,0.9995808601379396,3833.74267578125,718.8094219132965,126.16171404444378,16,1,0:2,1e-06
pointnet,128,cloud,10,gasdynamics,4,0.001,1981188,medium,0.9983420968055724,0.9983371496200562,0.9983357787132264,0.998333215713501,0.9983345866203308,0.9983299970626832,0.9983221888542176,0.9983220100402832,0.9983227849006652,0.998327374458313,0.998329222202301,0.9983254075050354,0.9983281493186952,0.9983366131782532,0.9983459711074828,0.998358190059662,0.8038707971572876,0.9991486072540284,3761.826416015625,706.6265043370864,72.70337586360414,16,1,0:2,1e-06
pointnet,64,cloud,10,kuramotosivashinsky,4,0.001,1977345,high,1.0031976699829102,1.00319242477417,1.0031864643096924,1.0031780004501345,1.003164291381836,1.0031476020812988,1.0031286478042605,1.0031169652938845,1.0031092166900637,1.0031023025512695,1.0030899047851562,1.0030816793441772,1.003076195716858,1.0030707120895386,1.003060817718506,1.0030455589294434,0.8133121728897095,1.0014996528625488,2956.25341796875,1053.073384758291,28.621371971859546,16,1,0:1,1e-06
pointnet,64,cloud,10,reactiondiffusion,4,0.001,1978626,high,0.998753786087036,0.9997564554214478,1.0004676580429075,1.0008882284164429,1.001146674156189,1.0013309717178345,1.001487135887146,1.0016324520111084,1.0017679929733276,1.001880168914795,1.0019588470458984,1.002013921737671,1.002048373222351,1.0020756721496582,1.002098798751831,1.0021225214004517,0.8035566806793213,1.000962257385254,2932.267333984375,1056.2984420393934,26.12490862718847,16,1,0:1,1e-06
pointnet,128,grid,10,wave,4,0.001,1978626,low,1.0007901191711426,1.0007904767990112,1.0007903575897217,1.0007901191711426,1.0007905960083008,1.0007907152175903,1.00079083442688,1.0007909536361694,1.0007911920547483,1.0007909536361694,1.0007907152175903,1.0007911920547483,1.000791311264038,1.00079083442688,1.00079083442688,1.0007905960083008,0.8043730854988098,1.0003944635391235,1223.1632080078125,202.7043349196791,14.4873948333387,16,1,10:1,1e-06
pointnet,32,grid,10,burgers,4,0.001,1978626,full,1.0,1.0,1.0,1.0,1.0,1.0,1.0,1.0,1.0,1.0,1.0,1.0,1.0,1.0,1.0,1.0,0.8443120718002319,1.0,10244.0693359375,1442.523678248638,10.107150031459414,16,1,0:1,1e-06
pointnet,128,grid,10,gasdynamics,4,0.001,1981188,medium,0.9989488124847412,0.9989458322525024,0.9989464282989502,0.9989464282989502,0.998943328857422,0.9989380836486816,0.998936116695404,0.998933732509613,0.998930275440216,0.9989293217658995,0.9989235997200012,0.9989219903945924,0.9989212155342102,0.9989246129989624,0.9989289045333862,0.9989308714866638,0.8040031790733337,0.99946528673172,5037.5048828125,701.4122342088359,11.93796091345118,16,1,10:2,1e-06
pointnet,128,cloud,10,reactiondiffusion,4,0.001,1978626,medium,0.9977193474769592,0.9987143874168396,0.9994199872016908,0.9998328685760498,1.0000871419906616,1.000270962715149,1.0004236698150637,1.0005569458007812,1.0006754398345947,1.0007702112197876,1.0008357763290403,1.0008745193481443,1.0008972883224487,1.0009150505065918,1.0009324550628662,1.000953197479248,0.8030405044555664,1.0003502368927002,3785.9541015625,703.2666973039215,42.89038901657967,16,1,0:2,1e-06
pointnet,32,grid,10,reactiondiffusion,4,0.001,1978626,full,1.0,1.0,1.0,1.0,1.0,1.0,1.0,1.0,1.0,1.0,1.0,1.0,1.0,1.0,1.0,1.0,0.802781879901886,1.0,10364.7529296875,1439.7500444856862,8.480430124351546,16,1,0:1,1e-06
pointnet,128,grid,10,burgers,4,0.001,1978626,medium,1.0004332065582275,1.000450849533081,1.0004745721817017,1.000498652458191,1.0005223751068115,1.000541925430298,1.0005542039871216,1.000572681427002,1.0005855560302734,1.000599026679993,1.00061297416687,1.0006226301193235,1.0006320476531982,1.00064218044281,1.000652551651001,1.0006589889526367,0.8445596694946289,1.000329613685608,4329.8740234375,697.4557774359372,12.789261938705828,16,1,10:2,1e-06
pointnet,64,grid,10,gasdynamics,4,0.001,1981188,high,0.9989259839057922,0.9989220499992372,0.998921036720276,0.9989190697669984,0.99891459941864,0.9989101886749268,0.998909592628479,0.9989062547683716,0.9989029169082642,0.9988994598388672,0.9988965392112732,0.9988961219787598,0.9988964796066284,0.9988955855369568,0.99889475107193,0.9988968968391418,0.8039920926094055,0.9994475245475768,3448.278564453125,638.8897782093185,3.8869678026580647,16,1,10:2,1e-06
pointnet,128,cloud,10,kuramotosivashinsky,4,0.001,1977345,low,1.0034664869308472,1.0034767389297483,1.003489971160889,1.0034970045089722,1.003490328788757,1.003472924232483,1.003448486328125,1.0034281015396118,1.0034141540527344,1.003402590751648,1.0033916234970093,1.0033890008926392,1.0033890008926392,1.0033795833587646,1.0033587217330933,1.0033351182937622,0.8134685754776001,1.0016231536865234,1870.263916015625,662.5562489689395,13.139110635265844,16,1,0:1,1e-06
pointnet,32,grid,10,kuramotosivashinsky,4,0.001,1977345,full,1.0,1.0,1.0,1.0,1.0,1.0,1.0,1.0,1.0,1.0,1.0,1.0,1.0,1.0,1.0,1.0,0.8120720386505127,1.0,10029.134765625,1421.6917453508343,9.625292704019028,16,1,0:1,1e-06
pointnet,128,cloud,10,advection,4,0.001,1977345,medium,1.0005147457122805,1.000543475151062,1.0005793571472168,1.0006107091903689,1.0006325244903564,1.000640034675598,1.0006422996520996,1.0006487369537354,1.000662922859192,1.000680685043335,1.0006903409957886,1.0006847381591797,1.0006667375564575,1.0006487369537354,1.0006405115127563,1.000641703605652,0.7246050238609314,1.0002285242080688,3864.59228515625,706.4232441023285,58.781412799159874,16,1,0:2,1e-06
pointnet,32,grid,10,wave,4,0.001,1978626,full,1.0,1.0,1.0,1.0,1.0,1.0,1.0,1.0,1.0,1.0,1.0,1.0,1.0,1.0,1.0,1.0,0.8040630221366882,1.0,10231.80078125,1441.9452513622814,11.08504620720236,16,1,0:1,1e-06
pointnet,128,cloud,10,advection,4,0.001,1977345,low,1.0012004375457764,1.0012446641921997,1.0013031959533691,1.0013529062271118,1.001386642456055,1.0014010667800903,1.0014076232910156,1.001419186592102,1.001436710357666,1.0014461278915403,1.00143563747406,1.0013976097106934,1.001342535018921,1.0012884140014648,1.001250982284546,1.0012309551239014,0.7248210906982422,1.0004327297210691,1823.473876953125,654.3019872345732,14.705051754318475,16,1,0:1,1e-06
pointnet,64,grid,10,wave,4,0.001,1978626,high,1.0007907152175903,1.000791311264038,1.00079083442688,1.0007898807525637,1.0007895231246948,1.0007903575897217,1.0007905960083008,1.0007907152175903,1.0007909536361694,1.0007901191711426,1.0007901191711426,1.0007901191711426,1.0007905960083008,1.000789761543274,1.0007905960083008,1.0007907152175903,0.8043749928474426,1.0003983974456787,4306.4287109375,639.103190575295,1.9413078344042454,16,1,10:2,1e-06
pointnet,32,grid,10,advection,4,0.001,1977345,full,1.0,1.0,1.0,1.0,1.0,1.0,1.0,1.0,1.0,1.0,1.0,1.0,1.0,1.0,1.0,1.0,0.7243859767913818,1.0,9974.0234375,1432.005175667129,14.56665043955862,16,1,0:1,1e-06
pointnet,32,grid,10,gasdynamics,4,0.001,1981188,full,1.0,1.0,1.0,1.0,1.0,1.0,1.0,1.0,1.0,1.0,1.0,1.0,1.0,1.0,1.0,1.0,0.8042955994606018,1.0,10243.814453125,1438.1403946607527,10.951403584333793,16,1,0:1,1e-06
ptv1,64,grid,10,kuramotosivashinsky,4,0.001,1771905,high,0.0010527418926358,0.0090685710310935,0.03227324411273,0.0785416588187217,0.1555982530117035,0.2684223353862762,0.4141193628311157,0.5787105560302734,0.7420555353164673,0.8884180784225464,1.0118248462677002,1.112963318824768,1.19412362575531,1.2570585012435913,1.3035657405853271,1.3361972570419312,0.9249321818351746,1.1558946371078491,3060.138916015625,375.77232124031366,13.799681197885707,16,1,10:1,1e-06
ptv1,64,cloud,10,reactiondiffusion,4,0.001,1772098,high,0.0001014015360851,0.0012079653097316,0.0057994564995169,0.0170328225940465,0.0369145013391971,0.0669522434473037,0.1091161668300628,0.1619046479463577,0.2165195494890213,0.2612278163433075,0.288552850484848,0.2975047528743744,0.2924255132675171,0.2810821235179901,0.2720133364200592,0.2721844613552093,0.4014706015586853,0.5149497985839844,3046.865234375,371.1336195084257,13.685889605801856,16,1,0:1,1e-06
ptv1,64,cloud,10,gasdynamics,4,0.001,1772484,high,0.0080852890387177,0.0215554311871528,0.0414098463952541,0.0666157901287078,0.0956821590662002,0.1271506398916244,0.1601342409849167,0.1938157379627227,0.2276266813278198,0.2612649500370025,0.2947966158390045,0.3283557593822479,0.3620487153530121,0.3957514464855194,0.4291088283061981,0.4620950520038605,0.5154836773872375,0.6782622933387756,3132.330810546875,370.5084341916867,12.19240333163784,16,1,0:1,1e-06
ptv1,128,cloud,10,burgers,4,0.001,1772098,low,0.0017885415581986,0.0053449077531695,0.0110156200826168,0.0193959604948759,0.0310424771159887,0.0462096557021141,0.0648220181465148,0.0866072103381156,0.1112219989299774,0.1383232027292251,0.167487159371376,0.1982836276292801,0.2304296642541885,0.2636572122573852,0.2978222966194153,0.3327744603157043,0.3774011433124542,0.5661007165908813,1537.6290283203125,195.33099579030522,48.56830335487793,16,1,0:1,1e-06
ptv1,128,grid,10,wave,4,0.001,1772098,medium,0.0006009062635712,0.0048475652001798,0.0154923992231488,0.03229795768857,0.0560339540243148,0.0881381407380104,0.126923382282257,0.1686175614595413,0.2123023718595504,0.2596904933452606,0.3126406073570251,0.369672954082489,0.4271528124809265,0.4837218821048736,0.5426049828529358,0.6094485521316528,0.597474992275238,0.7800976037979126,3205.093994140625,374.5221867630735,4.497252035583912,16,1,10:1,1e-06
ptv1,32,grid,10,advection,4,0.001,1771905,full,1.4529803593177348e-05,0.0001503222883911,0.0007491604192182,0.002646408509463,0.0074803186580538,0.017755564302206,0.0364020057022571,0.0659547746181488,0.1078180894255638,0.1619834154844284,0.2272261381149292,0.3015427887439728,0.3825984299182892,0.468051940202713,0.5557685494422913,0.6439428925514221,0.5091891884803772,0.8002728223800659,10196.0009765625,1053.7392928565635,17.366556765864253,16,1,0:1,1e-06
ptv1,128,grid,10,burgers,4,0.001,1772098,medium,0.0006586068193428,0.0022575538605451,0.0057558203116059,0.0116033842787146,0.0201779883354902,0.0317789167165756,0.046531144529581,0.0644782409071922,0.0854244530200958,0.1090763881802558,0.1349947154521942,0.1626829653978347,0.1917552947998047,0.2217850685119629,0.2524261176586151,0.2833682000637054,0.3756350576877594,0.5185823440551758,3004.17236328125,351.5416623510095,4.6210127215764825,16,1,10:1,1e-06
ptv1,64,grid,10,gasdynamics,4,0.001,1772484,high,0.0047009382396936,0.0149574019014835,0.0311588365584611,0.0530213676393032,0.0792991444468498,0.108654610812664,0.1400482356548309,0.1724721044301986,0.2049696743488311,0.2369447499513626,0.2682255208492279,0.2987145781517029,0.3282866179943084,0.3571189641952514,0.3856353163719177,0.4142602682113647,0.4820352494716644,0.6420783996582031,3126.773193359375,361.0836787690028,7.417680172487931,16,1,10:1,1e-06
ptv1,64,cloud,10,wave,4,0.001,1772098,high,0.0005584708997048,0.0048051001504063,0.0173868667334318,0.0411428436636924,0.0743124857544899,0.1136726886034011,0.1578773409128189,0.205154001712799,0.2544630765914917,0.3069292902946472,0.3620120286941528,0.4178360998630523,0.4734917283058166,0.5279960632324219,0.5816011428833008,0.6377947330474854,0.6228877305984497,0.7975468039512634,3123.955078125,368.92315316268184,10.653783572260947,16,1,0:1,1e-06
ptv1,32,grid,10,wave,4,0.001,1772098,full,0.0004647873283829,0.0037241824902594,0.0122392578050494,0.0252138078212738,0.0411575436592102,0.0602929219603538,0.0844658464193344,0.1134944856166839,0.1466749161481857,0.1840447336435318,0.2240863740444183,0.2641841173171997,0.3035546541213989,0.344188392162323,0.387792706489563,0.4360795021057129,0.4999006390571594,0.6591072082519531,10456.6572265625,1052.1475708570947,14.138279635852715,16,1,0:1,1e-06
ptv1,128,grid,10,kuramotosivashinsky,4,0.001,1771905,low,0.0041574714705348,0.0362001620233058,0.1204580292105674,0.2609915733337402,0.4477497935295105,0.6633506417274475,0.88376384973526,1.0842722654342651,1.2492403984069824,1.3747957944869995,1.4647891521453855,1.5265034437179563,1.567529320716858,1.5936617851257324,1.6086488962173462,1.6152195930480957,1.0214905738830566,1.270883321762085,1500.9024658203125,186.93423756989932,1.5309368243192194,16,1,10:1,1e-06
ptv1,128,cloud,10,wave,4,0.001,1772098,low,0.0007000340847298,0.006139391567558,0.0223254151642322,0.0489325374364852,0.0807471647858619,0.1156535744667053,0.1549368053674698,0.2001934051513672,0.2512851059436798,0.3048658668994903,0.3557495772838592,0.4025743901729584,0.4475975632667541,0.4928058087825775,0.5389159321784973,0.5871228575706482,0.5968198180198669,0.7657458186149597,1505.708251953125,192.75476825395683,58.75177797687317,16,1,0:1,1e-06
ptv1,128,grid,10,reactiondiffusion,4,0.001,1772098,low,0.0001491660659667,0.0016697602113708,0.0076979417353868,0.0212739184498786,0.0427080243825912,0.0693143755197525,0.0978604927659034,0.1270309090614318,0.1567412465810775,0.1861918717622757,0.2138369679450988,0.2388330250978469,0.2618793249130249,0.2846052646636963,0.3083930611610412,0.3332572281360626,0.426982581615448,0.5731698870658875,1483.82275390625,198.90164671266234,6.010837989505702,16,1,10:1,1e-06
ptv1,64,grid,10,wave,4,0.001,1772098,high,0.0004442824865691,0.003915483597666,0.015543159097433,0.0388910360634326,0.072252333164215,0.1152497231960296,0.1709078848361969,0.2413941472768783,0.323655754327774,0.4090381562709808,0.4883632957935333,0.5579676628112793,0.6206005811691284,0.6784425377845764,0.7321680188179016,0.7848129272460938,0.7105264663696289,0.8855617046356201,3097.833740234375,377.6851681071545,11.338793793252696,16,1,10:1,1e-06
ptv1,32,grid,10,kuramotosivashinsky,4,0.001,1771905,full,0.0010165782878175,0.0100490972399711,0.0394784547388553,0.099989578127861,0.1953975558280944,0.3223794400691986,0.4728952944278717,0.636095404624939,0.7997906804084778,0.9523941278457642,1.0852206945419312,1.1939811706542969,1.278564453125,1.34159517288208,1.3869200944900513,1.4185113906860352,0.950912356376648,1.19069242477417,10473.9892578125,1057.5062946129192,21.028629531438263,16,1,0:1,1e-06
ptv1,64,grid,10,reactiondiffusion,4,0.001,1772098,high,0.0002106361207552,0.0031515855807811,0.0191241204738616,0.0680112764239311,0.1648619323968887,0.2993730306625366,0.4420133829116821,0.5722230672836304,0.6877371072769165,0.7886579632759094,0.8633239269256592,0.8928175568580627,0.8679463267326355,0.800484299659729,0.718774139881134,0.6533185243606567,0.6489225029945374,0.8052501678466797,3165.303466796875,376.94685980898817,10.03153593317956,16,1,10:1,1e-06
ptv1,128,grid,10,kuramotosivashinsky,4,0.001,1771905,medium,0.0019043168285861,0.0172466002404689,0.0638149455189704,0.158648133277893,0.312998354434967,0.5246531367301941,0.7728050947189331,1.0251163244247437,1.2535799741744995,1.4444304704666138,1.5961610078811646,1.7123342752456665,1.7970356941223145,1.8542327880859373,1.8884916305541992,1.9049586057662964,1.1095751523971558,1.3801261186599731,2932.500244140625,358.7997899580894,5.806125692449515,16,1,10:1,1e-06
ptv1,128,grid,10,advection,4,0.001,1771905,medium,6.064496119506657e-05,0.0007896976894699,0.0039243064820766,0.0121476957574486,0.0283021982759237,0.0546672753989696,0.0925602540373802,0.142161950469017,0.2024937272071838,0.2715912461280823,0.3468990921974182,0.4257915019989013,0.5059979557991028,0.5857999920845032,0.6639912128448486,0.7397265434265137,0.635436475276947,0.8582131862640381,3038.247314453125,361.0829277038574,4.691809548664012,16,1,10:1,1e-06
ptv1,128,cloud,10,kuramotosivashinsky,4,0.001,1771905,medium,0.0033387648873031,0.0293410904705524,0.1004212945699691,0.2260738164186477,0.4024980664253235,0.6111147999763489,0.8211285471916199,1.002882957458496,1.1415740251541138,1.239464521408081,1.3078473806381226,1.3578112125396729,1.3957479000091553,1.4236875772476196,1.4420843124389648,1.4518920183181765,0.9686821699142456,1.204816460609436,3754.12744140625,442.27800675934435,36.35038698290875,16,1,0:2,1e-06
ptv1,64,grid,10,advection,4,0.001,1771905,high,3.977133019361645e-05,0.0005695391446352,0.0030617108568549,0.0101888068020343,0.0254238359630107,0.0524063557386398,0.094314344227314,0.1532292664051056,0.2294517308473587,0.3209346830844879,0.4232704043388366,0.530572235584259,0.6370366215705872,0.7384428977966309,0.8328135013580322,0.9200868010520936,0.6932912468910217,0.9581056237220764,3195.837646484375,376.9901147214799,7.9064547386471205,16,1,10:1,1e-06
ptv1,128,grid,10,advection,4,0.001,1771905,low,5.067026722826995e-05,0.0008406781125813,0.0049403822049498,0.0170351043343544,0.0421916842460632,0.0838155448436737,0.1429996490478515,0.218860387802124,0.3089005053043365,0.409516841173172,0.5169373154640198,0.628112256526947,0.7409785389900208,0.8542057275772095,0.96681010723114,1.0778602361679075,0.8058857917785645,1.0367833375930786,1582.9598388671875,195.57570592721262,6.693890667979671,16,1,10:1,1e-06
ptv1,32,grid,10,gasdynamics,4,0.001,1772484,full,0.0080787669867277,0.0328851751983165,0.0775729939341545,0.138369083404541,0.2099254429340362,0.2874905467033386,0.3679994344711303,0.4492269158363342,0.5296301245689392,0.6084147691726685,0.6853223443031311,0.7604101300239563,0.8336820006370544,0.904623568058014,0.9728015065193176,1.0382575988769531,0.8053125739097595,1.0174312591552734,10181.2470703125,1053.3782264922027,16.811298153858647,16,1,0:1,1e-06
ptv1,64,cloud,10,kuramotosivashinsky,4,0.001,1771905,high,0.0044200117699801,0.0347267463803291,0.1050584614276886,0.2185900807380676,0.3787342607975006,0.5781288743019104,0.7893931865692139,0.9755091667175292,1.1115797758102417,1.195972204208374,1.2426681518554688,1.2670751810073853,1.2787878513336182,1.2823600769042969,1.2803634405136108,1.2748295068740845,0.911550998687744,1.1289745569229126,3067.566162109375,370.8477153934973,22.947210469412376,16,1,0:1,1e-06
ptv1,32,grid,10,reactiondiffusion,4,0.001,1772098,full,0.0001368753873975,0.0012732608010992,0.0052430815994739,0.0140510806813836,0.0289498008787632,0.0493743307888507,0.0721408352255821,0.0921928212046623,0.1060341596603393,0.1140610501170158,0.1186036840081214,0.1213985905051231,0.1233560293912887,0.1251979023218155,0.1276675760746002,0.1313151121139526,0.256035715341568,0.3416865766048431,10405.95703125,1048.2677498589042,11.586362828280759,16,1,0:1,1e-06
ptv1,128,cloud,10,burgers,4,0.001,1772098,medium,0.0012357009109109,0.0036448987666517,0.0073511861264705,0.0127145228907465,0.0201637130230665,0.030080147087574,0.0427927151322364,0.0585201755166053,0.0774730145931243,0.0997822806239128,0.1256214827299118,0.1551483869552612,0.1885004937648773,0.2257365584373474,0.2668525576591491,0.3118407726287842,0.4156925082206726,0.5469349026679993,3817.021240234375,473.29923203412227,29.028754048419557,16,1,0:2,1e-06
ptv1,128,grid,10,gasdynamics,4,0.001,1772484,medium,0.0058805043809115,0.0205035116523504,0.0436065271496772,0.0731654316186904,0.1067299842834472,0.1421437561511993,0.1780218929052353,0.213318333029747,0.2473565489053726,0.2799209952354431,0.3110513687133789,0.340831995010376,0.3694186210632324,0.3972583413124084,0.4246474504470825,0.4518271684646606,0.4944933950901031,0.6701815128326416,3209.985107421875,377.25588102630593,10.5114713598986,16,1,10:1,1e-06
ptv1,128,cloud,10,wave,4,0.001,1772098,medium,0.0005973955267108,0.0048235398717224,0.0171057190746068,0.0386028587818145,0.0662468895316124,0.0974623411893844,0.1323300004005432,0.1709561347961425,0.2136474102735519,0.2597576677799225,0.3076489865779876,0.3569170832633972,0.4081948399543762,0.4590823352336883,0.5069795846939087,0.5545444488525391,0.5694515109062195,0.7441304922103882,3800.96923828125,502.0531789742264,228.34855566655872,16,1,0:2,1e-06
ptv1,128,grid,10,reactiondiffusion,4,0.001,1772098,medium,7.444283983204514e-05,0.0008626623312011,0.0040164706297218,0.0112847695127129,0.0228262692689895,0.0371486023068428,0.0528581254184246,0.0696309506893158,0.0866041183471679,0.1019836366176605,0.1157156154513359,0.1301767826080322,0.1478239297866821,0.1692854464054107,0.1930324584245681,0.2161412835121154,0.3450008034706116,0.4624164998531341,3142.01904296875,376.1039937033227,4.05511682480641,16,1,10:1,1e-06
ptv1,128,cloud,10,reactiondiffusion,4,0.001,1772098,low,0.0002746924874372,0.002296236809343,0.009889991953969,0.0268966052681207,0.0530065670609474,0.082777090370655,0.1095151081681251,0.1295641213655471,0.1427409052848816,0.1505916714668274,0.1558662801980972,0.1626769006252288,0.1747350096702575,0.1924237161874771,0.2119394689798355,0.2277393937110901,0.331438660621643,0.4703749716281891,1523.073974609375,192.96342643405416,48.244199948743976,16,1,0:1,1e-06
ptv1,128,cloud,10,reactiondiffusion,4,0.001,1772098,medium,0.0003966449585277,0.0034456236753612,0.0137449856847524,0.0341264829039573,0.061087854206562,0.0864003598690033,0.1038531959056854,0.113085076212883,0.1174753904342651,0.1209154352545738,0.1265941113233566,0.1368307322263717,0.1524710655212402,0.1717316508293151,0.1904414296150207,0.2045105546712875,0.3260266780853271,0.4472879469394684,3816.527099609375,474.1929776060815,32.33691082957494,16,1,0:2,1e-06
ptv1,128,grid,10,gasdynamics,4,0.001,1772484,low,0.0095555400475859,0.0214756708592176,0.0391188338398933,0.0585662722587585,0.0788516625761985,0.1002004817128181,0.1216779574751854,0.1438729465007782,0.1662593185901641,0.1887031197547912,0.2108302861452102,0.2327617853879928,0.254380315542221,0.2763383090496063,0.2984996438026428,0.3208688795566559,0.4268578290939331,0.5655314922332764,1483.37158203125,197.33197451195014,5.765113032096434,16,1,10:1,1e-06
ptv1,64,cloud,10,burgers,4,0.001,1772098,high,0.0011335099115967,0.0034990748390555,0.0076056183315813,0.0139565011486411,0.0230076573789119,0.0351611301302909,0.0506310649216175,0.0694974809885025,0.0917508378624916,0.1172827929258346,0.1459731161594391,0.1776015907526016,0.2119157314300537,0.2486300617456436,0.287426620721817,0.3279837369918823,0.3959569931030273,0.5519669651985168,3086.034912109375,367.7263270865953,9.539080676649656,16,1,0:1,1e-06
ptv1,128,cloud,10,kuramotosivashinsky,4,0.001,1771905,low,0.0055136498995125,0.0489473156630992,0.1627226918935775,0.3466803133487701,0.5758252739906311,0.8129833340644836,1.0214321613311768,1.1795119047164917,1.2860618829727173,1.3534585237503052,1.3967376947402954,1.426303744316101,1.4464459419250488,1.4583873748779297,1.4635616540908811,1.4648040533065796,0.972058117389679,1.21017587184906,1490.3546142578125,187.35560805493816,41.2797764862419,16,1,0:1,1e-06
ptv1,128,grid,10,burgers,4,0.001,1772098,low,0.0011353057343512,0.0034628645516932,0.0075562112033367,0.0141609143465757,0.0240301173180341,0.0375619456171989,0.0549155846238136,0.0762993395328521,0.1022136509418487,0.1334891021251678,0.1705663502216339,0.213250070810318,0.2608877122402191,0.3126010596752167,0.3672347962856293,0.4237187504768371,0.5006307363510132,0.6474540829658508,1575.74853515625,202.67872969780257,2.5478969778088683,16,1,10:1,1e-06
ptv1,64,grid,10,burgers,4,0.001,1772098,high,0.0006085825734771,0.0023279632441699,0.0062148720026016,0.0130382888019084,0.0233724247664213,0.0377827808260917,0.0566102191805839,0.0800356715917587,0.1079183369874954,0.1400926411151886,0.1762617230415344,0.2161390781402588,0.2594500780105591,0.3059146404266357,0.3553041815757751,0.4074262082576751,0.4421690106391907,0.6292539834976196,3271.18359375,367.8642532602417,11.600593659125884,16,1,10:1,1e-06
ptv1,128,cloud,10,advection,4,0.001,1771905,low,0.0001546989951748,0.0023173214867711,0.012570759281516,0.0408706218004226,0.0967467501759529,0.184560164809227,0.3015969693660736,0.4392220079898834,0.585591733455658,0.7286113500595093,0.8585376143455505,0.969784140586853,1.061314821243286,1.1355063915252686,1.1960744857788086,1.2460986375808716,0.84874427318573,1.1151565313339231,1527.039306640625,189.95891056578483,46.12393585891804,16,1,0:1,1e-06
ptv1,32,grid,10,burgers,4,0.001,1772098,full,0.0003691859310492,0.0012001110007986,0.0031202777754515,0.0067037153057754,0.0125655783340334,0.0213587023317813,0.0337406657636165,0.0503464825451374,0.071764588356018,0.0985410138964653,0.1311792135238647,0.1701238751411438,0.2157144844532013,0.2681374251842499,0.3273898959159851,0.3932766020298004,0.4839345514774322,0.6050817966461182,10222.548828125,1051.8702879600621,12.88109987257494,16,1,0:1,1e-06
ptv1,128,cloud,10,gasdynamics,4,0.001,1772484,medium,0.0128517234697937,0.0327622853219509,0.060247752815485,0.0921689793467521,0.1258477866649627,0.1596593558788299,0.1930440813302993,0.2257152795791626,0.2574042677879333,0.2883197069168091,0.3185831308364868,0.3485494554042816,0.3786450326442718,0.4093081653118133,0.4406827390193939,0.4725113213062286,0.5244109630584717,0.6859565377235413,3914.2509765625,490.75162102194395,82.14941142916045,16,1,0:2,1e-06
ptv1,128,cloud,10,advection,4,0.001,1771905,medium,0.0004657077952288,0.0034377898555248,0.0135295018553733,0.0354603864252567,0.0743375420570373,0.1329199373722076,0.2130297273397445,0.313766747713089,0.4323755502700805,0.5635277032852173,0.7006018757820129,0.8365952968597412,0.965857982635498,1.0849409103393557,1.1931618452072144,1.2921587228775024,0.9038016200065612,1.1272199153900146,3691.939208984375,443.06242819393384,38.53862381791478,16,1,0:2,1e-06
ptv1,128,grid,10,wave,4,0.001,1772098,low,0.0007247883477248,0.0064707673154771,0.0227083601057529,0.0484707616269588,0.078139990568161,0.1098965406417846,0.1452481597661972,0.1845932602882385,0.2264997810125351,0.2695733904838562,0.3124672174453735,0.3535793125629425,0.3927997648715973,0.4313115179538727,0.47004035115242,0.5096642971038818,0.5610800981521606,0.7137280106544495,1527.7333984375,189.65585490692067,1.656205256075268,16,1,10:1,1e-06
ptv1,128,cloud,10,gasdynamics,4,0.001,1772484,low,0.0180561374872922,0.0374736562371254,0.0600655898451805,0.0843979492783546,0.1091213524341583,0.1336333751678466,0.1579330414533615,0.1818601042032241,0.2051227390766143,0.2277013063430786,0.2497359663248062,0.2714710831642151,0.2929827570915222,0.3142383098602295,0.3349571526050567,0.3549981415271759,0.4469605386257171,0.5944762229919434,1488.3516845703125,196.32435628559054,45.70447592541435,16,1,0:1,1e-06
ptv1,64,cloud,10,advection,4,0.001,1771905,high,0.0004986115964129,0.003376149572432,0.0124858655035495,0.0313498713076114,0.0628125071525573,0.1072573587298393,0.1636158972978592,0.2294311076402664,0.3019126355648041,0.3782527446746826,0.45603808760643,0.5333566069602966,0.6087363362312317,0.681037187576294,0.7493746280670166,0.813154935836792,0.6577853560447693,0.9002625346183777,3045.295166015625,366.02367325931516,11.077919602733639,16,1,0:1,1e-06
ptv3,128,grid,10,reactiondiffusion,4,0.001,2113936,medium,0.0435457006096839,0.2625492215156555,0.8157863020896912,1.555099368095398,2.2155447006225586,2.5744433403015137,2.607842445373535,2.620404958724976,2.908235549926758,3.5861783027648926,4.517966270446777,5.280875205993652,5.438432216644287,4.886104583740234,3.954347848892212,3.145331382751465,1.454548478126526,1.773348331451416,2561.19287109375,236.13468722246293,6.865432368172298,16,1,10:1,1e-06
ptv3,64,grid,10,advection,4,0.001,2097560,high,0.0001494891475886,0.0024617307353764,0.0148447975516319,0.0537421405315399,0.1402076631784439,0.289030373096466,0.4981428682804107,0.7478160858154297,1.010248064994812,1.26069974899292,1.4837507009506226,1.6747572422027588,1.8360716104507449,1.971209526062012,2.0847675800323486,2.186245441436768,1.1136006116867063,1.4660669565200806,1512.347412109375,155.7827712447922,4.348949303547615,16,1,10:1,1e-06
ptv3,128,cloud,10,kuramotosivashinsky,4,0.001,2097560,low,0.0082597257569432,0.0719151943922042,0.2328231185674667,0.4822085201740265,0.7719112038612366,1.0340473651885986,1.2177389860153198,1.3180235624313354,1.3626301288604736,1.3818122148513794,1.3921462297439575,1.39778733253479,1.3981786966323853,1.3932623863220217,1.3846255540847778,1.3748987913131714,0.942904770374298,1.1723648309707642,1987.0426025390625,184.59710545485487,29.44648400873567,16,1,0:1,1e-06
ptv3,128,cloud,10,burgers,4,0.001,2113936,low,0.0036855023354291,0.011620407924056,0.0247716475278139,0.043859776109457,0.0687427297234535,0.0981396809220314,0.1309823095798492,0.1669056415557861,0.2058066129684448,0.247479110956192,0.291618138551712,0.3377499878406524,0.3853769302368164,0.4339945912361145,0.4831310510635376,0.532372236251831,0.5183544158935547,0.7070461511611938,2020.36767578125,192.07835372213822,32.579098536177014,16,1,0:1,1e-06
ptv3,64,cloud,10,advection,4,0.001,2097560,high,0.0043823788873851,0.0246735736727714,0.0759128481149673,0.1683608144521713,0.3107064068317413,0.5114350318908691,0.7695572376251221,1.07010817527771,1.3917747735977173,1.7145155668258667,2.0214591026306152,2.3002798557281494,2.5435895919799805,2.7488439083099365,2.9178285598754883,3.055405139923096,1.5086520910263062,1.747401475906372,1359.6680908203125,145.00299185231356,9.209509498308975,16,1,0:1,1e-06
ptv3,128,cloud,10,advection,4,0.001,2097560,medium,0.0073455441743135,0.0798121094703674,0.3357416987419128,0.8218421936035156,1.415014386177063,1.9100091457366943,2.159251928329468,2.1686770915985107,2.0742805004119877,2.022422790527344,2.0702803134918213,2.161248207092285,2.20486831665039,2.1495344638824463,2.0099740028381348,1.8499969244003296,1.0099828243255615,1.3588114976882937,2534.400146484375,295.81660551183364,170.62874717193188,16,1,0:2,1e-06
ptv3,64,cloud,10,wave,4,0.001,2113936,high,0.0011848758440464,0.0090595064684748,0.0305324979126453,0.0656512528657913,0.1092740297317504,0.1580715924501419,0.2118013650178909,0.2717417776584625,0.3392068743705749,0.4131219387054443,0.4892440736293793,0.5629985332489014,0.6326031684875488,0.6968270540237427,0.7550498843193054,0.8103614449501038,0.7082347273826599,0.8986109495162964,1465.7080078125,140.61991339928142,8.150807648075201,16,1,0:1,1e-06
ptv3,128,grid,10,wave,4,0.001,2113936,medium,0.0023937341757118,0.0243970472365617,0.0898754373192787,0.2015657573938369,0.3579432666301727,0.5619924664497375,0.8031022548675537,1.0604099035263062,1.31927490234375,1.5745195150375366,1.82440197467804,2.0664820671081543,2.2937161922454834,2.4983296394348145,2.677918672561645,2.8357021808624268,1.378117918968201,1.6837384700775146,2416.34521484375,224.47790213781187,11.43461613754187,16,1,10:1,1e-06
ptv3,128,grid,10,wave,4,0.001,2113936,low,0.0080536613240838,0.0951873138546943,0.3576475381851196,0.6831861138343811,1.0268781185150146,1.4162805080413818,1.812400698661804,2.126178741455078,2.286075592041016,2.2779791355133057,2.168545246124268,2.0843875408172607,2.121777057647705,2.2176125049591064,2.27176570892334,2.310934543609619,1.223094820976257,1.5200611352920532,2323.219482421875,194.80610466003418,5.573034633887297,16,1,10:1,1e-06
ptv3,128,cloud,10,wave,4,0.001,2113936,low,0.0007395166903734,0.0060795568861067,0.0253807306289672,0.0696028694510459,0.1426782459020614,0.233770951628685,0.3231661021709442,0.4049246311187744,0.4893401563167572,0.5850581526756287,0.6859111189842224,0.7812118530273438,0.8688613772392273,0.9470404386520386,1.0138370990753174,1.069691777229309,0.8132533431053162,1.0331751108169556,2039.8387451171875,186.8284526179101,28.462473261592212,16,1,0:1,1e-06
ptv3,32,grid,10,wave,4,0.001,2113936,full,0.0006426889449357,0.0049960664473474,0.0162335541099309,0.0341714471578598,0.057332620024681,0.0846384838223457,0.1134919971227645,0.1421553492546081,0.1720724999904632,0.2054441571235656,0.2424824237823486,0.2821880280971527,0.3250724971294403,0.3711881339550018,0.417429119348526,0.4621213376522064,0.5348021388053894,0.6787265539169312,1548.7406005859375,207.72832255521482,2.2588445272171005,16,1,0:1,1e-06
ptv3,64,grid,10,gasdynamics,4,0.001,2147168,high,0.6218410730361938,2.740097761154175,4.5430097579956055,5.459309101104736,5.96470308303833,6.344718933105469,6.64238166809082,6.854496479034424,6.992732048034668,7.08711051940918,7.163479328155518,7.227501392364502,7.27632474899292,7.312775611877441,7.341859340667725,7.366267681121826,2.3354740142822266,2.7140798568725586,1469.360595703125,153.72728793293123,7.862206677113116,16,1,10:1,1e-06
ptv3,32,grid,10,kuramotosivashinsky,4,0.001,2097560,full,0.001109677599743,0.0091408444568514,0.0315348543226718,0.0733446553349495,0.1382978409528732,0.2291038781404495,0.3462622761726379,0.4852047860622406,0.6356111764907837,0.784700870513916,0.922025501728058,1.0419687032699585,1.1435327529907229,1.2287102937698364,1.3007774353027344,1.3629775047302246,0.9262840151786804,1.1671621799468994,1582.654296875,207.10123447073676,0.6151612411973119,16,1,0:1,1e-06
ptv3,128,grid,10,gasdynamics,4,0.001,2147168,low,0.4417282938957214,1.6987625360488892,3.3470845222473145,4.408438205718994,4.7193522453308105,4.379887580871582,3.780183076858521,3.2508585453033447,2.8984813690185547,2.7388503551483154,2.7590315341949463,2.9560837745666504,3.152346134185791,3.24249267578125,3.262486219406128,3.233453750610352,1.4579408168792725,1.7980817556381226,2267.55029296875,180.43350341781024,10.847707269152643,16,1,10:1,1e-06
ptv3,128,grid,10,kuramotosivashinsky,4,0.001,2097560,medium,0.0147396186366677,0.1775254160165786,0.7180167436599731,1.3873631954193115,1.7592326402664185,1.9169646501541135,1.88969087600708,1.6897468566894531,1.4334449768066406,1.2865747213363647,1.3044720888137815,1.3705803155899048,1.3704484701156616,1.3713746070861816,1.4211549758911133,1.476747751235962,0.979215145111084,1.215198278427124,2446.9072265625,222.8254071887962,6.674355365896986,16,1,10:1,1e-06
ptv3,64,cloud,10,gasdynamics,4,0.001,2147168,high,0.0169468875974416,0.0376977659761905,0.0671903043985366,0.1026420965790748,0.1407767981290817,0.1790734678506851,0.2164064198732376,0.2523867785930633,0.2870893776416778,0.3206164836883545,0.3530905544757843,0.3847960531711578,0.4162139296531677,0.4477085471153259,0.4793608486652374,0.5109453797340393,0.5496407747268677,0.7135829329490662,1430.0250244140625,143.1379974221797,5.531599966567048,16,1,0:1,1e-06
ptv3,128,cloud,10,advection,4,0.001,2097560,low,0.0023015635088086,0.0221805907785892,0.0920111909508705,0.2425010502338409,0.4720274209976196,0.7385922074317932,0.9820766448974608,1.1582317352294922,1.257975935935974,1.3024239540100098,1.3225133419036863,1.3398019075393677,1.3602256774902344,1.3787901401519775,1.3890830278396606,1.388400316238403,0.8638290762901306,1.1773290634155271,2114.02978515625,188.72821279259279,28.684768559672076,16,1,0:1,1e-06
ptv3,128,grid,10,gasdynamics,4,0.001,2147168,medium,0.3222286999225616,1.6021232604980469,3.2863869667053223,4.936464309692383,6.325424671173096,7.35846996307373,8.034321784973145,8.36634635925293,8.403175354003906,8.22006893157959,7.916411399841309,7.595269680023193,7.316949367523193,7.104176998138428,6.989555835723877,7.032020092010498,2.250067710876465,2.6517133712768555,2424.281005859375,225.5988592348079,7.5172615489128285,16,1,10:1,1e-06
ptv3,32,grid,10,reactiondiffusion,4,0.001,2113936,full,0.0312239229679107,0.2841291725635528,1.3477842807769775,3.8123931884765625,7.39388370513916,10.636005401611328,11.823070526123049,10.540574073791504,7.790469646453857,5.097110748291016,3.324158906936645,2.486732721328736,2.2421796321868896,2.236001491546631,2.2448129653930664,2.282857656478882,1.1867069005966189,1.5072146654129028,1593.724853515625,209.07553466439944,0.7570863734583619,16,1,0:1,1e-06
ptv3,128,cloud,10,wave,4,0.001,2113936,medium,0.000741702329833,0.0077459481544792,0.0327150896191597,0.0851595476269722,0.1639039367437362,0.2576665878295898,0.3565334677696228,0.4593247771263122,0.5712589025497437,0.6892063617706299,0.7939716577529907,0.8745675086975098,0.9473301768302916,1.0254850387573242,1.1084086894989014,1.194904327392578,0.8613392114639282,1.0924900770187378,2592.459228515625,280.5756342270795,107.51513418102897,16,1,0:2,1e-06
ptv3,128,grid,10,kuramotosivashinsky,4,0.001,2097560,low,0.0165070425719022,0.1686904281377792,0.5947847366333008,1.1501009464263916,1.5275819301605225,1.6802412271499634,1.710115909576416,1.6984388828277588,1.691072940826416,1.6945037841796875,1.6971044540405271,1.6978169679641724,1.691838026046753,1.6717557907104492,1.6465131044387815,1.6306320428848269,1.015860915184021,1.2769229412078855,2250.7333984375,191.1813132232539,4.538429833233098,16,1,10:1,1e-06
ptv3,128,cloud,10,reactiondiffusion,4,0.001,2113936,low,0.0009024440078064,0.0066178045235574,0.0247550886124372,0.0641149803996086,0.1253551691770553,0.1971959769725799,0.2633748650550842,0.3142785429954529,0.3520539700984955,0.3854347467422485,0.4224417209625244,0.4682247638702392,0.524813175201416,0.5899078249931335,0.6562326550483704,0.7149155735969543,0.5916999578475952,0.8432592749595642,2091.277099609375,189.83820915429934,21.4170008451563,16,1,0:1,1e-06
ptv3,128,grid,10,reactiondiffusion,4,0.001,2113936,low,0.033854603767395,0.1944476515054702,0.5599874258041382,1.077686071395874,1.6998051404953003,2.308840274810791,2.858624219894409,3.2211556434631348,3.248257875442505,3.0095181465148926,2.6984829902648926,2.39495849609375,2.0809147357940674,1.8767428398132324,1.8666731119155884,1.9619208574295044,1.1414391994476318,1.400492787361145,2174.68798828125,196.73517221726112,10.321651941998283,16,1,10:1,1e-06
ptv3,64,grid,10,burgers,4,0.001,2113936,high,0.0009349145693704,0.0053960741497576,0.0192049667239189,0.0487451963126659,0.0981203317642211,0.1680116504430771,0.2569117844104767,0.3629727959632873,0.4849279820919037,0.6218922734260559,0.7734969258308411,0.939269721508026,1.118604063987732,1.310744285583496,1.514749526977539,1.729690432548523,1.2256217002868652,1.3121200799942017,1440.60107421875,150.0001893352654,3.3374781500670085,16,1,10:1,1e-06
ptv3,64,cloud,10,reactiondiffusion,4,0.001,2113936,high,0.0001976925705093,0.0015095117269083,0.0061664073728024,0.0174891147762537,0.0380602963268756,0.0681518912315368,0.1055133789777755,0.1458035409450531,0.182691216468811,0.2091086208820343,0.2203049808740615,0.2163890153169632,0.2026377320289611,0.1871474534273147,0.1769889295101165,0.1753191798925399,0.2894085347652435,0.4015864133834839,1286.9853515625,137.28356286587052,4.780895560088476,16,1,0:1,1e-06
ptv3,64,grid,10,reactiondiffusion,4,0.001,2113936,high,0.000376815412892,0.0059561128728091,0.0368884950876235,0.1196578294038772,0.2373195588588714,0.3311356902122497,0.3720586001873016,0.385194331407547,0.416869968175888,0.5010679364204407,0.6294031739234924,0.7454797625541687,0.7921922206878662,0.7586609721183777,0.679829478263855,0.6191036701202393,0.6067339181900024,0.7841408848762512,1441.4581298828125,149.95313056874915,5.132376785896975,16,1,10:1,1e-06
ptv3,128,cloud,10,gasdynamics,4,0.001,2147168,medium,0.0236517917364835,0.0487922169268131,0.0815705731511116,0.1208951994776725,0.1650569885969162,0.2121996879577636,0.2610499560832977,0.3108843266963959,0.3610640168190002,0.4111418724060058,0.4610484540462494,0.5112297534942627,0.5618863105773926,0.6128835678100586,0.6636009812355042,0.7135575413703918,0.6355811953544617,0.8430820107460022,2484.78759765625,277.5226404526654,166.04462380519573,16,1,0:2,1e-06
ptv3,32,grid,10,burgers,4,0.001,2113936,full,0.0005870531313121,0.00167666899506,0.0043120668269693,0.0096995458006858,0.0193870905786752,0.0352966412901878,0.059658620506525,0.0948980152606964,0.1434415280818939,0.2074294686317443,0.2883285880088806,0.3864506781101227,0.500563383102417,0.6277227997779846,0.7636916041374207,0.9036495685577391,0.7964770197868347,0.9473916292190552,1555.2254638671875,207.28673109187176,1.3776952730292482,16,1,0:1,1e-06
ptv3,64,grid,10,wave,4,0.001,2113936,high,0.0015618655597791,0.0147819519042968,0.0523537024855613,0.116548977792263,0.2016591876745224,0.3063897788524627,0.4333983063697815,0.5837448835372925,0.7559623122215271,0.946153163909912,1.151106595993042,1.3696049451828003,1.5971910953521729,1.8240790367126465,2.042820930480957,2.2502598762512207,1.250200271606445,1.4990466833114624,1679.6861572265625,169.41529424396083,8.255987714016033,16,1,10:1,1e-06
ptv3,64,cloud,10,kuramotosivashinsky,4,0.001,2097560,high,0.0040512029081583,0.0360972322523593,0.1207653656601905,0.2619693577289581,0.4472907781600952,0.6488410234451294,0.8295896053314209,0.9633121490478516,1.0468990802764893,1.0934102535247805,1.1189498901367188,1.1359751224517822,1.1526691913604736,1.174506664276123,1.2056466341018677,1.249749779701233,0.9008319973945618,1.1176376342773438,1450.0413818359375,144.21987724861071,12.517735254233944,16,1,0:1,1e-06
ptv3,128,grid,10,burgers,4,0.001,2113936,low,0.0063588800840079,0.0227759908884763,0.0631498247385025,0.115718588232994,0.1922187507152557,0.2813217639923095,0.3962221443653106,0.529263973236084,0.6905023455619812,0.8644776940345764,1.050862431526184,1.235243797302246,1.4048765897750854,1.5470013618469238,1.6597241163253784,1.7483868598937988,1.1186915636062622,1.3142011165618896,2248.3779296875,196.40529937387626,5.608267944979628,16,1,10:1,1e-06
ptv3,128,grid,10,advection,4,0.001,2097560,medium,0.0024483962915837,0.0272713601589202,0.1177516877651214,0.3100253045558929,0.6068711280822754,0.9835481643676758,1.408988356590271,1.8587955236434937,2.3181352615356445,2.7727537155151367,3.2058451175689697,3.598813533782959,3.933371305465698,4.194581508636475,4.373401165008545,4.473135471343994,1.7157230377197266,2.1145589351654053,2473.090576171875,223.97978050941737,5.606457002490914,16,1,10:1,1e-06
ptv3,8,grid,10,gasdynamics,4,0.001,2147168,full,0.0058555048890411,0.0221593417227268,0.0516782701015472,0.0916275531053543,0.1382547467947006,0.1887608170509338,0.2415684908628463,0.2953449189662933,0.34897580742836,0.4019007682800293,0.4538134336471557,0.5044806599617004,0.5536254048347473,0.6010884046554565,0.6468313932418823,0.6907456517219543,0.6414052844047546,0.8293636441230774,1466.5838623046875,79.35718415026614,1.0881567289595915,16,1,0:1,1e-06
ptv3,64,grid,10,kuramotosivashinsky,4,0.001,2097560,high,0.0084529668092727,0.0801386535167694,0.3195095658302307,0.7992867231369019,1.3992290496826172,1.83781099319458,1.9927853345870967,1.9962520599365237,1.9843446016311648,1.986201763153076,1.985693454742432,1.9739898443222048,1.9570714235305784,1.9440460205078125,1.938779354095459,1.9403955936431885,1.1307164430618286,1.3929589986801147,1538.585693359375,154.7268577096337,3.958459739262734,16,1,10:1,1e-06
ptv3,128,cloud,10,gasdynamics,4,0.001,2147168,low,0.042031355202198,0.0847379863262176,0.1341003328561782,0.1882829666137695,0.2441561222076416,0.2994997799396515,0.3538247644901275,0.4070743024349212,0.459434449672699,0.5113229155540466,0.5633079409599304,0.6157295107841492,0.6687085628509521,0.7220146059989929,0.774824857711792,0.8263243436813354,0.688341498374939,0.9064139127731324,1948.7965087890625,186.95813199544241,22.81242132738962,16,1,0:1,1e-06
ptv3,128,cloud,10,burgers,4,0.001,2113936,medium,0.0020879243966192,0.0064643011428415,0.0132620865479111,0.0228075254708528,0.0353724844753742,0.0509716160595417,0.0694959461688995,0.0907377228140831,0.1143976747989654,0.1401404589414596,0.1676566004753112,0.1965981125831604,0.2266178131103515,0.2574241459369659,0.2887502014636993,0.3203603327274322,0.3983454704284668,0.5566571354866028,2538.1630859375,285.73917463714,98.12486842321997,16,1,0:2,1e-06
ptv3,128,cloud,10,kuramotosivashinsky,4,0.001,2097560,medium,0.0063842926174402,0.0488233752548694,0.1567287296056747,0.3386853337287903,0.5777645707130432,0.8314228057861328,1.0492390394210815,1.1997816562652588,1.2840286493301392,1.3235026597976685,1.3400641679763794,1.3465337753295898,1.3488720655441284,1.3495137691497805,1.350587010383606,1.354328155517578,0.9376725554466248,1.1636855602264404,2553.2490234375,302.393445781633,254.62286337587705,16,1,0:2,1e-06
ptv3,128,grid,10,advection,4,0.001,2097560,low,0.0570874065160751,1.2772151231765747,5.150814056396484,7.635258197784424,7.113364219665527,5.670448303222656,4.906367301940918,4.751602649688721,4.966163635253906,5.722256660461426,6.589069366455078,7.037851810455322,6.702702522277832,6.026481628417969,5.803913593292236,6.126851558685303,2.113065719604492,2.473959445953369,2187.5322265625,184.4112642222779,6.269291835739143,16,1,10:1,1e-06
ptv3,32,grid,10,advection,4,0.001,2097560,full,0.0005357055924832,0.0036598262377083,0.0134727470576763,0.0342883244156837,0.069853164255619,0.1224894821643829,0.1921091675758361,0.2757977545261383,0.368564635515213,0.4650214314460754,0.560965359210968,0.6539730429649353,0.7430347800254822,0.8277555704116821,0.9078680276870728,0.9833155870437622,0.7878073453903198,0.9902287721633912,1538.27978515625,205.57183752623837,1.1732693410392496,16,1,0:1,1e-06
ptv3,128,grid,10,burgers,4,0.001,2113936,medium,0.0014340330380946,0.0073336772620677,0.0266827698796987,0.0666398555040359,0.1326860934495926,0.2266550958156585,0.3457543849945068,0.4850248098373413,0.6379621624946594,0.7976129651069641,0.9577744603157043,1.113782525062561,1.2630716562271118,1.4042515754699707,1.536957621574402,1.661554217338562,1.1267476081848145,1.2837512493133545,2553.50439453125,231.3732134565535,6.826495671486085,16,1,10:1,1e-06
ptv3,128,cloud,10,reactiondiffusion,4,0.001,2113936,medium,0.0006915548001416,0.0044334968551993,0.0170380566269159,0.0439527668058872,0.0856630504131317,0.1363767236471176,0.1870108246803283,0.2304330319166183,0.2652804851531982,0.2949416935443878,0.3227604925632477,0.3491085171699524,0.3723485171794891,0.3904403746128082,0.401496559381485,0.4046147465705871,0.4427914321422577,0.6330153346061707,2559.328369140625,278.0037680233226,106.8474054697681,16,1,0:2,1e-06
ptv3,64,cloud,10,burgers,4,0.001,2113936,high,0.0763065069913864,0.1923447400331497,0.3680477440357208,0.5938345193862915,0.8469013571739197,1.1184759140014648,1.3990070819854736,1.680367946624756,1.954195737838745,2.211773157119751,2.44792914390564,2.656946420669556,2.837389707565308,2.986999750137329,3.108762264251709,3.20564079284668,1.5375819206237793,1.7860316038131714,1371.3154296875,145.19766390930207,9.405524185339866,16,1,0:1,1e-06
resnet,128,grid,10,reactiondiffusion,4,0.001,1782658,medium,0.0001290902873734,0.0011279482860118,0.0043187057599425,0.0103216022253036,0.0182618387043476,0.0264299791306257,0.0334044247865676,0.038514032959938,0.0419258214533329,0.0444641150534153,0.0468208454549312,0.0490420199930667,0.050945796072483,0.0526354536414146,0.0545044280588626,0.0567709058523178,0.1441754251718521,0.2315482497215271,213.9384002685547,65.81929397583008,32.551181263402434,16,1,0:1,1e-06
resnet,128,grid,10,reactiondiffusion,4,0.001,1782658,low,0.0001834693539422,0.0020000366494059,0.0086444308981299,0.0223344378173351,0.0409642569720745,0.059074331074953,0.0727015510201454,0.082233689725399,0.0900439471006393,0.0972518101334571,0.1037119030952453,0.1094339191913604,0.1152064427733421,0.1222212314605712,0.1311820149421692,0.1415866315364837,0.2396357357501983,0.3669891953468323,42.14702606201172,14.572919604498235,2.3934367956114286,16,1,0:1,1e-06
resnet,128,grid,10,wave,4,0.001,1782658,low,0.0002460418618284,0.0009311966714449,0.0018942869501188,0.0029033015016466,0.0037843729369342,0.0044869929552078,0.0051075289957225,0.0057031693868339,0.0062787923961877,0.0068264952860772,0.0073265554383397,0.00775987515226,0.0081623494625091,0.008585836738348,0.0090488633140921,0.0095656011253595,0.0731568112969398,0.0971698015928268,42.03628158569336,14.35593016580088,2.455795279656213,16,1,0:1,1e-06
resnet,128,grid,10,gasdynamics,4,0.001,1794180,low,0.0045125447213649,0.0094197979196906,0.015784852206707,0.0221084225922822,0.0283775702118873,0.0347333215177059,0.0412883162498474,0.0481851212680339,0.0556251816451549,0.0633514896035194,0.071576289832592,0.0802910774946212,0.0895041227340698,0.0994283035397529,0.1096567958593368,0.1203790232539177,0.2389589250087738,0.3407270908355713,43.0892448425293,15.04223845479642,1.6715634263967996,16,1,0:1,1e-06
resnet,8,grid,10,reactiondiffusion,4,0.001,1782658,full,8.06296375230886e-05,0.0007615659269504,0.0031976148020476,0.0079442672431468,0.0136696547269821,0.0184829235076904,0.0217708423733711,0.023906297981739,0.0254301223903894,0.0266701653599739,0.0277222990989685,0.0288399383425712,0.0304781999439001,0.0325812622904777,0.0346084907650947,0.0365112051367759,0.1302661448717117,0.1740492731332779,104.61678314208984,30.934307746887207,0.11955854830555031,16,1,0:1,1e-06
resnet,8,grid,10,wave,4,0.001,1782658,full,0.0014558949042111,0.0083726979792118,0.0214359294623136,0.0349046774208545,0.0445667132735252,0.0513596124947071,0.0569244027137756,0.06214140355587,0.0681104511022567,0.0748928785324096,0.0814685523509979,0.0877041518688201,0.0937589704990387,0.0993969962000846,0.1048504784703254,0.1111154481768608,0.2497050315141677,0.3302335739135742,104.46858215332033,30.921699829101563,0.07818326331152946,16,1,0:1,1e-06
resnet,8,grid,10,advection,4,0.001,1776897,full,4.335857681780908e-07,1.173479518001841e-06,2.2503509171656333e-06,3.66990570910275e-06,5.469400548463455e-06,7.676486347918399e-06,1.0320640285499394e-05,1.343591429758817e-05,1.7069191017071716e-05,2.127621155523229e-05,2.612930074974429e-05,3.1721425330033526e-05,3.817514152615331e-05,4.565673225442879e-05,5.436239007394761e-05,6.448877684306353e-05,0.0058310525491833,0.0078381532803177,103.99249267578124,30.71851963043213,0.10082001861284401,16,1,0:1,1e-06
resnet,128,grid,10,burgers,4,0.001,1782658,low,0.0003913328691851,0.0009115591528825,0.001662264810875,0.0026892919559031,0.0040148035623133,0.0056865490041673,0.0077005382627248,0.0100876819342374,0.0128577463328838,0.0160074010491371,0.0195594113320112,0.0235185753554105,0.0278927814215421,0.0326958373188972,0.0379291661083698,0.0436085872352123,0.1269319057464599,0.2003955841064453,42.288185119628906,14.718499796021257,1.6280531142234995,16,1,0:1,1e-06
resnet,64,grid,10,wave,4,0.001,1782658,high,0.0004075496690347,0.0019400361925363,0.0046499869786202,0.0082199871540069,0.0123881716281175,0.0166506469249725,0.0204158313572406,0.0236191786825656,0.0264284238219261,0.0287888422608375,0.0306479539722204,0.0321130156517028,0.0333932936191558,0.034628726541996,0.0360425300896167,0.037929568439722,0.1462227702140808,0.1937927305698394,79.40621185302734,21.531352409911538,0.4264589947188557,16,1,0:1,1e-06
resnet,128,grid,10,gasdynamics,4,0.001,1794180,medium,0.0035616320092231,0.0128216482698917,0.0258942227810621,0.0398973040282726,0.0532418154180049,0.06593569368124,0.0786174684762954,0.0916569605469703,0.1051729992032051,0.1193020343780517,0.1342192888259887,0.1499720066785812,0.1666655987501144,0.1842992603778839,0.2026257961988449,0.2212375998497009,0.3343947529792785,0.4651478826999664,215.22637939453125,71.83300272623698,75.82021869747027,16,1,0:1,1e-06
resnet,128,grid,10,burgers,4,0.001,1782658,medium,0.0001661512214923,0.0003727558359969,0.0007400558679364,0.0013097041519358,0.0021050372160971,0.0031667258590459,0.0045163864269852,0.0061800489202141,0.0081701418384909,0.0104877520352602,0.0131738185882568,0.0161979272961616,0.0195736307650804,0.0233067497611045,0.0274016819894313,0.0318466462194919,0.0824368968605995,0.1672452390193939,213.74305725097656,65.9846990996716,34.01603215030914,16,1,0:1,1e-06
resnet,128,grid,10,advection,4,0.001,1776897,medium,9.06320906324254e-07,1.6960483435468632e-06,2.947972689071321e-06,4.571120371110737e-06,6.4266473600582685e-06,8.575550054956693e-06,1.1010398338839876e-05,1.3704652701562736e-05,1.6648626115056686e-05,1.9860830434481613e-05,2.333477095817216e-05,2.7057225452153943e-05,3.104488496319391e-05,3.530243338900618e-05,3.978519816882908e-05,4.4572454498847947e-05,0.0050238161347806,0.0065882387571036,213.53233337402344,92.1211461833879,221.02581182327535,16,1,0:1,1e-06
resnet,64,grid,10,kuramotosivashinsky,4,0.001,1776897,high,0.0002808869467116,0.0017518040258437,0.0050635496154427,0.0105077167972922,0.018295919522643,0.028876481577754,0.0432745553553104,0.0632468238472938,0.0908615887165069,0.1276794075965881,0.1743971854448318,0.231257751584053,0.2986003458499908,0.3767581880092621,0.4653526246547699,0.5629782676696777,0.5344123840332031,0.7495687007904053,79.11490631103516,21.447459958990866,0.3263296862036295,16,1,0:1,1e-06
resnet,64,grid,10,gasdynamics,4,0.001,1794180,high,0.002058230806142,0.0070926360785961,0.0141164818778634,0.022145215421915,0.0305442437529563,0.0391782224178314,0.0482145957648754,0.0577681995928287,0.0678694620728492,0.0785485580563545,0.0898503363132476,0.1017874777317047,0.1143829599022865,0.1276877522468567,0.1416081041097641,0.1559193581342697,0.2811495363712311,0.3911837339401245,83.6982650756836,22.99243806769255,0.22347264535961145,16,1,0:1,1e-06
resnet,128,grid,10,kuramotosivashinsky,4,0.001,1776897,medium,0.0003439593128859,0.0020713312551379,0.0060516698285937,0.0132745131850242,0.0249615870416164,0.0427170842885971,0.0688264071941375,0.1061653494834899,0.1571142077445984,0.2225167900323867,0.3018760085105896,0.3941674530506134,0.4982590675354004,0.6123958826065063,0.7339155077934265,0.8593658804893494,0.6771689653396606,0.92672199010849,214.1278076171875,83.92854024849686,163.34879936357345,16,1,0:1,1e-06
resnet,8,grid,10,burgers,4,0.001,1782658,full,0.0001295608235523,0.0002217723231296,0.0004390637041069,0.0008205042686313,0.0013950294815003,0.0021867447067052,0.0032213889062404,0.0045226975344121,0.0061146533116698,0.0080183008685708,0.0102497525513172,0.0128208007663488,0.0157410521060228,0.0190169885754585,0.0226534679532051,0.026650782674551,0.0841787159442901,0.1410602182149887,104.43923950195312,31.000618362426756,0.14186717396389167,16,1,0:1,1e-06
resnet,128,grid,10,kuramotosivashinsky,4,0.001,1776897,low,0.0011977311223745,0.0084419474005699,0.0259336549788713,0.0573604851961135,0.1072624623775482,0.1796108335256576,0.2749850153923034,0.3896723985671997,0.5177236199378967,0.6531000733375549,0.7906635403633118,0.9257959127426147,1.0538371801376345,1.1708415746688845,1.274538516998291,1.3643535375595093,0.9175235033035278,1.1678606271743774,41.84918975830078,14.35166071883854,1.4515673352781335,16,1,0:1,1e-06
resnet,128,grid,10,advection,4,0.001,1776897,low,5.928363293605798e-07,1.0195103641308378e-06,1.5534218391621837e-06,2.18221885006642e-06,2.8781446417269763e-06,3.635086613940075e-06,4.496764631767292e-06,5.485168912855443e-06,6.591629698959878e-06,7.802001164236572e-06,9.080080417334102e-06,1.0423768799228128e-05,1.1807902410509996e-05,1.326839719695272e-05,1.4782151083636563e-05,1.6441910702269524e-05,0.0030472432263195,0.0040068947710096,41.9058723449707,15.324973667807985,2.110015887622374,16,1,0:1,1e-06
resnet,128,grid,10,wave,4,0.001,1782658,medium,0.0002139096759492,0.0010535161709412,0.0026511675678193,0.0047624162398278,0.0068357093259692,0.0085596730932593,0.0099258311092853,0.0111746937036514,0.0126015078276395,0.0142496032640337,0.0159172471612691,0.017433900386095,0.0188057553023099,0.02013217844069,0.0214936286211013,0.0229346565902233,0.1136583015322685,0.1501366198062896,213.8387451171875,91.99636182598039,220.702597409966,16,1,0:1,1e-06
resnet,64,grid,10,advection,4,0.001,1776897,high,4.233381503127021e-07,1.0046338729807758e-06,1.8376855450696892e-06,2.8212136840011226e-06,3.962244136346271e-06,5.268478616926586e-06,6.7741930251941085e-06,8.52871198731009e-06,1.0560344890109263e-05,1.2861718460044358e-05,1.5387817256851122e-05,1.8097911379300054e-05,2.0971561752958223e-05,2.4028455300140195e-05,2.7286978365737014e-05,3.077752626268193e-05,0.0041380086913704,0.0054339049383997,81.50099182128906,22.961681178838187,0.2534543524875003,16,1,0:1,1e-06
resnet,64,grid,10,burgers,4,0.001,1782658,high,0.0001441551576135,0.0002900666149798,0.0005178968422114,0.0008441483369097,0.0012867901241406,0.0018575543072074,0.0025640353560447,0.0034263047855347,0.0044459044001996,0.0056483335793018,0.0070434515364468,0.0086411610245704,0.0104603255167603,0.0125136477872729,0.0148134268820285,0.0173722803592681,0.0687015876173973,0.118601456284523,78.9241714477539,21.77894088264779,0.6775798995443245,16,1,0:1,1e-06
resnet,64,grid,10,reactiondiffusion,4,0.001,1782658,high,6.01921092311386e-05,0.0005781801883131,0.0023664578329771,0.0059865321964025,0.0109435096383094,0.0158353950828313,0.019403837621212,0.0214005596935749,0.0224449820816516,0.0231773369014263,0.0237873587757349,0.0242276079952716,0.0245179589837789,0.024857610464096,0.0255987178534269,0.0269068405032157,0.0980433151125907,0.1479746699333191,81.42052459716797,23.07709654128371,0.5185560162728627,16,1,0:1,1e-06
resnet,8,grid,10,kuramotosivashinsky,4,0.001,1776897,full,0.0001828106906032,0.0012680575018748,0.00388870597817,0.0084949685260653,0.0155150117352604,0.0255209635943174,0.0394828170537948,0.0589867904782295,0.0860503315925598,0.1225106790661811,0.1695688664913177,0.2279040813446045,0.298005074262619,0.3802228271961212,0.4744983315467834,0.5799018144607544,0.5347596406936646,0.7564723491668701,106.43780517578124,31.466665573120117,0.6273709651596701,16,1,0:1,1e-06
resnet,8,grid,10,gasdynamics,4,0.001,1794180,full,0.0027333977632224,0.011144439689815,0.0233096703886985,0.0369244962930679,0.0512456707656383,0.0661036148667335,0.0813720822334289,0.0969839170575141,0.1131970509886741,0.1303326785564422,0.1486048698425293,0.1681548058986663,0.1893173307180404,0.2124219834804535,0.2372698783874511,0.2634488046169281,0.3703349530696869,0.5078351497650146,104.4942626953125,31.00744316101074,1.1381466557266293,16,1,0:1,1e-06
zero_cloud,32,grid,10,kuramotosivashinsky,4,0.001,0,full,1.0,1.0,1.0,1.0,1.0,1.0,1.0,1.0,1.0,1.0,1.0,1.0,1.0,1.0,1.0,1.0,0.8120720386505127,1.0,1.8039625883102417,,,16,1,0:1,1e-06
zero_cloud,128,cloud,10,kuramotosivashinsky,4,0.001,0,medium,1.0031802654266355,1.0031930208206177,1.0032047033309937,1.0032145977020264,1.0032247304916382,1.003230333328247,1.0032294988632202,1.003234624862671,1.0032473802566528,1.0032647848129272,1.0032813549041748,1.0032966136932373,1.0033092498779297,1.0033140182495115,1.0033066272735596,1.0032953023910522,0.8134168982505798,1.0016266107559204,1.9896938800811768,,,16,1,0:1,1e-06
zero_cloud,32,grid,10,wave,4,0.001,0,full,1.0,1.0,1.0,1.0,1.0,1.0,1.0,1.0,1.0,1.0,1.0,1.0,1.0,1.0,1.0,1.0,0.804063081741333,1.0,2.160253524780273,,,16,1,0:1,1e-06
zero_cloud,64,cloud,10,advection,4,0.001,0,high,1.0007855892181396,1.0008254051208496,1.0008660554885864,1.0008959770202637,1.0009061098098757,1.0008955001831057,1.0008710622787476,1.0008434057235718,1.0008207559585571,1.000800609588623,1.000779628753662,1.0007545948028564,1.0007296800613403,1.0007106065750122,1.0007081031799316,1.0007168054580688,0.7246655821800232,1.0003015995025637,1.5982922315597534,,,16,1,0:1,1e-06
zero_cloud,32,grid,10,advection,4,0.001,0,full,1.0,1.0,1.0,1.0,1.0,1.0,1.0,1.0,1.0,1.0,1.0,1.0,1.0,1.0,1.0,1.0,0.7243859767913818,1.0,1.8515278100967407,,,16,1,0:1,1e-06
zero_cloud,64,cloud,10,reactiondiffusion,4,0.001,0,high,0.9987516403198242,0.999754011631012,1.0004651546478271,1.000885844230652,1.0011447668075562,1.001328945159912,1.0014857053756714,1.001630783081055,1.0017658472061155,1.0018781423568726,1.00195574760437,1.0020110607147217,1.00204598903656,1.0020740032196045,1.0020966529846191,1.002119541168213,0.8035562038421631,1.0009605884552002,1.9878605604171755,,,16,1,0:1,1e-06
zero_cloud,64,cloud,10,burgers,4,0.001,0,high,0.9995192289352416,0.9995180368423462,0.9995274543762208,0.9995362162590028,0.9995492100715636,0.9995633363723756,0.999574601650238,0.9995806813240052,0.9995874762535096,0.999582588672638,0.9995760917663574,0.9995689392089844,0.9995631575584412,0.9995537400245668,0.999540627002716,0.9995266199111938,0.8438574075698853,0.9996691346168518,1.862099885940552,,,16,1,0:1,1e-06
zero_cloud,32,grid,10,burgers,4,0.001,0,full,1.0,1.0,1.0,1.0,1.0,1.0,1.0,1.0,1.0,1.0,1.0,1.0,1.0,1.0,1.0,1.0,0.8443120718002319,1.0,2.0045900344848637,,,16,1,0:1,1e-06
zero_cloud,64,cloud,10,kuramotosivashinsky,4,0.001,0,high,1.0031981468200684,1.0031930208206177,1.0031859874725342,1.0031784772872925,1.00316321849823,1.003147840499878,1.0031284093856812,1.0031170845031738,1.0031094551086426,1.0031009912490845,1.0030908584594729,1.0030816793441772,1.0030760765075684,1.003070592880249,1.0030605792999268,1.0030442476272583,0.8133124113082886,1.001500129699707,1.7910085916519165,,,16,1,0:1,1e-06
zero_cloud,128,cloud,10,reactiondiffusion,4,0.001,0,medium,0.9977192878723145,0.99871426820755,0.9994199872016908,0.9998329281806946,1.0000873804092407,1.000270962715149,1.000423789024353,1.0005568265914917,1.0006754398345947,1.0007702112197876,1.0008357763290403,1.0008745193481443,1.0008972883224487,1.0009150505065918,1.0009324550628662,1.000953197479248,0.8030405044555664,1.0003498792648315,2.1168947219848637,,,16,1,0:1,1e-06
zero_cloud,128,cloud,10,advection,4,0.001,0,medium,1.0005152225494385,1.0005438327789309,1.0005799531936646,1.000611662864685,1.0006325244903564,1.0006402730941772,1.00064218044281,1.0006492137908936,1.000662326812744,1.0006808042526243,1.000690460205078,1.0006853342056274,1.0006672143936155,1.000649094581604,1.0006414651870728,1.0006426572799685,0.7246045470237732,1.000228762626648,2.071152925491333,,,16,1,0:1,1e-06
zero_cloud,128,cloud,10,kuramotosivashinsky,4,0.001,0,low,1.0034674406051636,1.0034784078598022,1.003490686416626,1.003496766090393,1.003490924835205,1.003473162651062,1.0034492015838623,1.0034284591674805,1.0034154653549194,1.0034040212631226,1.0033918619155884,1.0033897161483765,1.0033892393112185,1.003380537033081,1.0033584833145142,1.0033358335494995,0.8134680390357971,1.0016225576400757,1.6471734046936035,,,16,1,0:1,1e-06
zero_cloud,64,cloud,10,wave,4,0.001,0,high,0.9998937249183656,0.9999120235443116,0.9999235272407532,0.9999321699142456,0.9999379515647888,0.9999432563781738,0.9999500513076782,0.9999541640281676,0.9999589920043944,0.999959409236908,0.9999573230743408,0.9999557733535768,0.9999541640281676,0.999956488609314,0.9999600052833556,0.99996155500412,0.8040242195129395,0.999925971031189,1.841768741607666,,,16,1,0:1,1e-06
zero_cloud,128,cloud,10,advection,4,0.001,0,low,1.0011991262435913,1.001242995262146,1.0013011693954468,1.0013515949249268,1.0013850927352903,1.001400351524353,1.0014067888259888,1.0014179944992063,1.001435160636902,1.001445770263672,1.0014346837997437,1.0013962984085083,1.0013409852981567,1.0012881755828855,1.0012491941452026,1.0012305974960327,0.7248208522796631,1.0004326105117798,1.626014232635498,,,16,1,0:1,1e-06
zero_cloud,128,cloud,10,gasdynamics,4,0.001,0,low,0.998720645904541,0.99872225522995,0.9987241625785828,0.998723566532135,0.9987329244613647,0.9987331032752992,0.998733937740326,0.9987506866455078,0.9987723231315612,0.9987921714782716,0.9987990260124208,0.9987896680831908,0.9988006353378296,0.9988186955451964,0.9988247156143188,0.9988343715667723,0.8040598630905151,0.9993597269058228,1.9398679733276367,,,16,1,0:1,1e-06
zero_cloud,128,cloud,10,reactiondiffusion,4,0.001,0,low,0.9967364072799684,0.997710347175598,0.9983944296836852,0.9987969398498536,0.9990522861480712,0.9992427229881288,0.999394416809082,0.9995102882385254,0.9995984435081482,0.999659776687622,0.999697208404541,0.9997196793556212,0.9997380375862122,0.999755322933197,0.999772608280182,0.9997860789299012,0.802723228931427,0.999607503414154,1.939369797706604,,,16,1,0:1,1e-06
zero_cloud,128,cloud,10,wave,4,0.001,0,medium,1.000314474105835,1.0003104209899902,1.0003079175949097,1.0003081560134888,1.0003055334091189,1.0002996921539309,1.000296711921692,1.0002930164337158,1.00028657913208,1.0002847909927368,1.0002849102020264,1.0002856254577637,1.0002886056900024,1.0002925395965576,1.000297784805298,1.000302791595459,0.8041301369667053,1.0000715255737305,1.984752058982849,,,16,1,0:1,1e-06
zero_cloud,128,cloud,10,wave,4,0.001,0,low,1.0005934238433838,1.0005743503570557,1.0005619525909424,1.0005608797073364,1.0005582571029663,1.000553011894226,1.0005502700805664,1.0005497932434082,1.00055992603302,1.000575065612793,1.0005909204483032,1.000599026679993,1.0006051063537598,1.0006214380264282,1.0006428956985474,1.000658631324768,0.8041509389877319,1.0001580715179443,2.026669502258301,,,16,1,0:1,1e-06
zero_cloud,32,grid,10,gasdynamics,4,0.001,0,full,1.0,1.0,1.0,1.0,1.0,1.0,1.0,1.0,1.0,1.0,1.0,1.0,1.0,1.0,1.0,1.0,0.8042955994606018,1.0,2.0132222175598145,,,16,1,0:1,1e-06
zero_cloud,64,cloud,10,gasdynamics,4,0.001,0,high,0.9977821707725524,0.9977813363075256,0.9977815747261048,0.9977750778198242,0.997768223285675,0.9977601170539856,0.9977476000785828,0.9977441430091858,0.9977431297302246,0.9977447390556335,0.9977392554283142,0.997728705406189,0.997725248336792,0.997722625732422,0.9977168440818788,0.9977163672447203,0.8036542534828186,0.998839259147644,1.978205919265747,,,16,1,0:1,1e-06
zero_cloud,128,cloud,10,burgers,4,0.001,0,medium,0.999398708343506,0.999381422996521,0.9993821978569032,0.9993921518325806,0.9994089007377625,0.9994200468063354,0.9994297027587892,0.9994378685951232,0.9994438290596008,0.9994420409202576,0.9994440078735352,0.9994443655014038,0.999443769454956,0.9994369745254515,0.9994249939918518,0.9994080662727356,0.8439252972602844,0.9995811581611632,2.201428174972534,,,16,1,0:1,1e-06
zero_cloud,128,cloud,10,burgers,4,0.001,0,low,1.0014630556106567,1.001435160636902,1.001441478729248,1.0014638900756836,1.0014947652816772,1.001515507698059,1.0015323162078855,1.0015500783920288,1.0015641450881958,1.00156831741333,1.0015761852264404,1.0015864372253418,1.0015925168991089,1.0015926361083984,1.0015838146209717,1.0015681982040403,0.8449151515960693,1.000523567199707,1.886853575706482,,,16,1,0:1,1e-06
zero_cloud,32,grid,10,reactiondiffusion,4,0.001,0,full,1.0,1.0,1.0,1.0,1.0,1.0,1.0,1.0,1.0,1.0,1.0,1.0,1.0,1.0,1.0,1.0,0.802781879901886,1.0,1.9378859996795652,,,16,1,0:1,1e-06
zero_cloud,128,cloud,10,gasdynamics,4,0.001,0,medium,0.998340904712677,0.9983348846435548,0.9983345866203308,0.9983319640159608,0.9983325600624084,0.998328983783722,0.9983200430870056,0.9983198046684264,0.998321771621704,0.998326063156128,0.998327374458313,0.9983232021331788,0.99832683801651,0.9983344078063964,0.9983447790145874,0.9983558654785156,0.803871214389801,0.9991479516029358,2.914529800415039,,,16,1,0:1,1e-06
zero_grid,64,grid,10,reactiondiffusion,4,0.001,0,high,0.9988162517547609,0.9998283982276917,1.0005455017089844,1.0009671449661257,1.0012232065200806,1.001409888267517,1.001572847366333,1.0017292499542236,1.0018683671951294,1.0019842386245728,1.0020670890808103,1.0021251440048218,1.002158761024475,1.002181887626648,1.0021960735321045,1.0022093057632446,0.8036654591560364,1.0011041164398191,1.838110446929932,,,16,1,0:1,1e-06
zero_grid,128,grid,10,advection,4,0.001,0,low,1.0005900859832764,1.000590205192566,1.0005900859832764,1.0005900859832764,1.0005900859832764,1.000590205192566,1.0005900859832764,1.0005900859832764,1.0005900859832764,1.0005900859832764,1.000590205192566,1.0005900859832764,1.0005900859832764,1.000590205192566,1.000590205192566,1.0005900859832764,0.7245362401008606,1.0002940893173218,1.791327953338623,,,16,1,0:1,1e-06
zero_grid,128,grid,10,wave,4,0.001,0,medium,1.0008078813552856,1.0008082389831543,1.000807523727417,1.0008071660995483,1.0008068084716797,1.0008071660995483,1.000807523727417,1.0008078813552856,1.0008074045181274,1.0008070468902588,1.0008070468902588,1.0008074045181274,1.0008076429367063,1.0008070468902588,1.0008070468902588,1.000807285308838,0.8043824434280396,1.000402808189392,1.856693983078003,,,16,1,0:1,1e-06
zero_grid,64,grid,10,gasdynamics,4,0.001,0,high,0.998925805091858,0.998921811580658,0.998920738697052,0.998918890953064,0.9989144206047058,0.998909831047058,0.998909592628479,0.9989063143730164,0.9989026188850404,0.9988991022109984,0.9988964796066284,0.9988958835601808,0.9988961219787598,0.998895525932312,0.9988943934440612,0.9988967180252076,0.8039924502372742,0.999447464942932,2.001450300216675,,,16,1,0:1,1e-06
zero_grid,128,grid,10,reactiondiffusion,4,0.001,0,low,0.9988551735877992,0.9998690485954284,1.000596046447754,1.0010168552398682,1.0012617111206057,1.0014252662658691,1.001563310623169,1.0017011165618896,1.0018354654312134,1.0019493103027344,1.0020301342010498,1.002075433731079,1.0020971298217771,1.0021047592163086,1.002108454704285,1.0021146535873413,0.8036335706710815,1.001051902770996,1.8542548418045044,,,16,1,0:1,1e-06
zero_grid,32,grid,10,wave,4,0.001,0,full,1.0,1.0,1.0,1.0,1.0,1.0,1.0,1.0,1.0,1.0,1.0,1.0,1.0,1.0,1.0,1.0,0.8040630221366882,1.0,1.8728857040405276,,,16,1,0:1,1e-06
zero_grid,32,grid,10,burgers,4,0.001,0,full,1.0,1.0,1.0,1.0,1.0,1.0,1.0,1.0,1.0,1.0,1.0,1.0,1.0,1.0,1.0,1.0,0.8443120718002319,1.0,1.8837575912475584,,,16,1,0:1,1e-06
zero_grid,128,grid,10,gasdynamics,4,0.001,0,low,0.9989460110664368,0.9989442825317384,0.998936116695404,0.9989340901374816,0.9989320039749146,0.998927652835846,0.9989267587661744,0.9989203214645386,0.9989226460456848,0.9989120960235596,0.9989080429077148,0.9989101886749268,0.9989058375358582,0.9989134669303894,0.9989089369773864,0.9989117383956908,0.8040081262588501,0.9994547367095948,1.7854822874069214,,,16,1,0:1,1e-06
zero_grid,128,grid,10,reactiondiffusion,4,0.001,0,medium,0.9988754987716676,0.9998785853385924,1.0005923509597778,1.001012682914734,1.001270055770874,1.0014525651931765,1.0016088485717771,1.0017563104629517,1.0018986463546753,1.0020159482955933,1.0021003484725952,1.002153396606445,1.002188801765442,1.0022149085998535,1.0022350549697876,1.0022485256195068,0.8036655783653259,1.0011234283447266,1.8874709606170652,,,16,1,0:1,1e-06
zero_grid,32,grid,10,kuramotosivashinsky,4,0.001,0,full,1.0,1.0,1.0,1.0,1.0,1.0,1.0,1.0,1.0,1.0,1.0,1.0,1.0,1.0,1.0,1.0,0.8120720386505127,1.0,1.926369547843933,,,16,1,0:1,1e-06
zero_grid,64,grid,10,burgers,4,0.001,0,high,1.0004031658172607,1.0004239082336426,1.0004476308822632,1.0004734992980957,1.000493049621582,1.0005134344100952,1.0005309581756592,1.0005483627319336,1.0005658864974976,1.0005817413330078,1.0005950927734375,1.0006070137023926,1.000616192817688,1.000626564025879,1.0006349086761477,1.000643253326416,0.8445594310760498,1.000316500663757,2.0008347034454346,,,16,1,0:1,1e-06
zero_grid,128,grid,10,kuramotosivashinsky,4,0.001,0,low,1.003333330154419,1.0033087730407717,1.0032844543457031,1.003255009651184,1.0032175779342651,1.0031805038452148,1.0031511783599854,1.0031274557113647,1.0031132698059082,1.0031013488769531,1.0030933618545532,1.0030864477157593,1.0030810832977295,1.003080129623413,1.0030773878097534,1.0030664205551147,0.8132913112640381,1.0015289783477783,1.7950894832611084,,,16,1,0:1,1e-06
zero_grid,128,grid,10,burgers,4,0.001,0,medium,1.0004332065582275,1.000450849533081,1.0004745721817017,1.000498652458191,1.0005223751068115,1.000541925430298,1.0005542039871216,1.000572681427002,1.0005855560302734,1.000599026679993,1.00061297416687,1.0006227493286133,1.0006320476531982,1.00064218044281,1.000652551651001,1.0006589889526367,0.8445594906806946,1.000329613685608,1.9071346521377563,,,16,1,0:1,1e-06
zero_grid,32,grid,10,gasdynamics,4,0.001,0,full,1.0,1.0,1.0,1.0,1.0,1.0,1.0,1.0,1.0,1.0,1.0,1.0,1.0,1.0,1.0,1.0,0.8042955994606018,1.0,2.109315156936645,,,16,1,0:1,1e-06
zero_grid,64,grid,10,advection,4,0.001,0,high,1.0005871057510376,1.0005871057510376,1.0005868673324585,1.0005871057510376,1.0005871057510376,1.0005872249603271,1.0005873441696167,1.0005872249603271,1.0005873441696167,1.0005873441696167,1.0005871057510376,1.0005871057510376,1.000586986541748,1.0005871057510376,1.0005873441696167,1.0005871057510376,0.7245430946350098,1.0002858638763428,1.7513227462768557,,,16,1,0:1,1e-06
zero_grid,32,grid,10,reactiondiffusion,4,0.001,0,full,1.0,1.0,1.0,1.0,1.0,1.0,1.0,1.0,1.0,1.0,1.0,1.0,1.0,1.0,1.0,1.0,0.802781879901886,1.0,1.8637967109680176,,,16,1,0:1,1e-06
zero_grid,128,grid,10,kuramotosivashinsky,4,0.001,0,medium,1.0033082962036133,1.0032896995544434,1.003270149230957,1.003250002861023,1.003230333328247,1.003210186958313,1.0031901597976685,1.0031691789627075,1.0031477212905884,1.0031274557113647,1.0031088590621948,1.0030947923660278,1.0030841827392578,1.0030763149261477,1.0030728578567505,1.0030673742294312,0.81328946352005,1.0015321969985962,1.8645137548446653,,,16,1,0:1,1e-06
zero_grid,128,grid,10,burgers,4,0.001,0,low,1.0004165172576904,1.0004322528839111,1.0004549026489258,1.0004802942276,1.0005016326904297,1.0005208253860474,1.0005388259887695,1.000558376312256,1.0005741119384766,1.000586748123169,1.0005959272384644,1.000609040260315,1.0006223917007446,1.0006325244903564,1.0006362199783323,1.0006450414657593,0.8445574641227722,1.0003234148025513,1.8936957120895384,,,16,1,0:1,1e-06
zero_grid,64,grid,10,wave,4,0.001,0,high,1.0007907152175903,1.000791311264038,1.00079083442688,1.0007898807525637,1.0007895231246948,1.000790238380432,1.0007905960083008,1.0007907152175903,1.0007909536361694,1.0007901191711426,1.0007901191711426,1.0007901191711426,1.0007905960083008,1.000789761543274,1.0007905960083008,1.0007907152175903,0.8043749928474426,1.0003983974456787,1.8422831296920776,,,16,1,0:1,1e-06
zero_grid,128,grid,10,wave,4,0.001,0,low,1.0007901191711426,1.0007904767990112,1.0007903575897217,1.0007901191711426,1.0007905960083008,1.0007905960083008,1.00079083442688,1.0007909536361694,1.000791072845459,1.0007909536361694,1.0007907152175903,1.000791072845459,1.000791311264038,1.00079083442688,1.0007905960083008,1.0007905960083008,0.8043732643127441,1.0003944635391235,1.8266040086746216,,,16,1,0:1,1e-06
zero_grid,128,grid,10,advection,4,0.001,0,medium,1.0005978345870972,1.0005979537963867,1.0005980730056765,1.0005980730056765,1.0005978345870972,1.0005978345870972,1.0005974769592283,1.0005978345870972,1.0005974769592283,1.00059711933136,1.0005970001220703,1.0005970001220703,1.00059711933136,1.0005966424942017,1.0005967617034912,1.000597357749939,0.7245475649833679,1.0002975463867188,1.9127527475357056,,,16,1,0:1,1e-06
zero_grid,128,grid,10,gasdynamics,4,0.001,0,medium,0.9989481568336488,0.998945415019989,0.998946249485016,0.9989458918571472,0.9989428520202636,0.9989374279975892,0.998935878276825,0.9989337921142578,0.9989299178123474,0.9989288449287416,0.9989232420921326,0.9989214539527892,0.9989206790924072,0.9989242553710938,0.9989284873008728,0.9989303946495056,0.8040012717247009,0.9994650483131408,1.9838942289352417,,,16,1,0:1,1e-06
zero_grid,32,grid,10,advection,4,0.001,0,full,1.0,1.0,1.0,1.0,1.0,1.0,1.0,1.0,1.0,1.0,1.0,1.0,1.0,1.0,1.0,1.0,0.7243859767913818,1.0,1.872209310531616,,,16,1,0:1,1e-06
zero_grid,64,grid,10,kuramotosivashinsky,4,0.001,0,high,1.0032587051391602,1.003238320350647,1.0032192468643188,1.0031986236572266,1.003176212310791,1.003153920173645,1.0031323432922363,1.003110408782959,1.003089189529419,1.0030725002288818,1.003056287765503,1.0030437707901,1.0030335187911987,1.003025770187378,1.0030207633972168,1.0030165910720823,0.8132685422897339,1.0015076398849487,1.7722657918930054,,,16,1,0:1,1e-06
